species,taxonomic_class,common_name,max_longevity,mass_g,metabolic_rate_Wg,trophic_level,habitat,habitat_ecology,repo_type,parental_care,mobility,clutch_no,no_clutch_year,repo_size_g,fec_mat_ok,stage_skipped,fec_mat,refs,notes,,
Alces_alces,Mammalia,Eurasian Elk,27,351000,0.000882606,herbivore,terrestrial,terrestrial,viviparous,yes,terrestrial,1.29,1.235,13009.085,yes,no,births,Myhrvold et al 2015; Healy et al 2014,,,
Amazona_vittata,Aves,Puerto Rican amazon,,281,,herbivore,terrestrial,arboreal,oviparous,yes,volant,2.9,,17.9,yes,yes,fecundituy is m3*P0 where m3 is the number of female offspring produced by a breeding pair and P0 is the survival from fledging to census the following year,Myhrvold et al 2015,egg mass from Bucher 1983,,
Ammocrypta_pellucida,Actinopterygii,Eastern sand darter,,0.8,,carnivore,freshwater,benthic,oviparous,no,fw_benthic,,,0.0003,yes,no,stage-specific fecundity coefficient,fishbase Anage,egg mass calculated from egg diamter of 0.8mm (Driver and Adams 2013) and a conversion estimate of 0.973 for Kindsvater et al 2016,,
Ammodramus_savannarum,Aves,Grasshopper Sparrow,9.083333333,17.9,,insectivore,terrestrial,terrestrial,oviparous,yes,volant,4.445,2,2,yes,no,the mean number of females produced by a nesting female each year,Myhrvold et al 2015; Handbook of birds of the world,this matrix comprisese of survival rates from other sepcies etc,,
Amphimedon_compressa,Demospongiae,Red tree sponge,,182,,filter-feeding,marine,benthic,oviparous,no,sessile,,,0.2525,yes,yes,the number of recruits derived from sexual reproduction,Watson et al 2014 0,biovolume mass from xx size based on 40cm high and 4cm diameter tube and a 0.091g per ml (3.14*(40)*(16))*0.09,reproduction size is for a parenchymella larvae of lenth 5mm from (Sadros Identification Guide to Larval Marine Invertebrates of the Pacific Northwest) and assuming a tissue density of 1.0599 g/cm3 http://www.scrollseek.com/training/densitiesofdifferentbodymatter.html,
Anarhynchus_frontalis,Aves,Wrybill,16,58.125,,insectivore,freshwater,terrestrial,oviparous,yes,volant,2,2,11.9,yes,yes,the number of female fledglings produced per adult female surviving to breed each year,"Myhrvold et al 2015, Handbook of birds of the world",,,
Anas_fulvigula,Aves,Mottled Duck,29.1,1082,,omnivore,freshwater,semiaquatic,oviparous,yes,volant,10,1,32.8,,,not_in_analysis,Myhrvold et al 2015; Handbook of birds of the world,,,
Anas_laysanensis,Aves,Laysan duck,29.1,1082,,insectivore,freshwater,semiaquatic,oviparous,yes,volant,9.349699399,1,52.2,,,,Myhrvold et al 2015; Handbook of birds of the world,,,
Anas_platyrhynchos,Aves,Mallard,29.1,1121,,omnivore,freshwater,semiaquatic,oviparous,yes,volant,10.515,1,30.7,,,,Myhrvold et al 2015; Handbook of birds of the world,,,
Anser_anser,Aves,Greylag goose,31,3308.5,,herbivore,terrestrial,semiaquatic,oviparous,yes,volant,5,1,88.5,yes,yes,the number of fledged female young produced per adult female which survived the year,Myhrvold et al 2015; Handbook of birds of the world,,,
Anthropoides_paradiseus,Aves,Blue Crane,,5100,,omnivore,terrestrial,terrestrial,oviparous,yes,volant,2,1,185.15,yes,yes,"the number of young (y) per adult (a) observed in the road counts, which we obtained from the fitted logistic regression",Handbook of birds of the world,used Grus genus,,
Arctocephalus_australis,Mammalia,South American fur seal,30.6,67979.43,,carnivore,marine,pelagic,viviparous,yes,m_pelagic,1,1,4250,,,,Myhrvold et al 2015; Handbook of birds of the world,,,
Astroblepus_ubidiai,Actinopterygii,Andean catfish,,14.7,,omnivore,freshwater,benthic,oviparous,no,fw_benthic,,,0.004,yes,no,Female offspring per female assuming that the sex ratio obtained for reproductive adult organisms is the same for the offspring.,fishbase weigth calculated based on all LWR estimates for this body shape ,egg mass calculated from egg diamter of 2mm (Velez-Espino and Fox 2005) and a conversion estimate of 0.973 for Kindsvater et al 2016,,
Bonasa_umbellus,Aves,Ruffed grouse,11,532,,omnivore,terrestrial,terrestrial,oviparous,yes,volant,11,1,12,yes,yes,recruitment,Myhrvold et al 2015; Handbook of birds of the world,,,
Bostrychia_hagedash,Aves,Hadada Ibis,16,1245.25,,insectivore,terrestrial,terrestrial,oviparous,yes,volant,2.855,1,60.25,yes,yes,Ri is the number of fledglings produced from nests that are i years old. Si is the survival probability of birds in their ith year. ,Myhrvold et al 2015; Handbook of birds of the world; Healy et al 2014,,,
Brachyteles_hypoxanthus,Mammalia,Northern Muriqui,14.475,10839.905,,herbivore,terrestrial,arboreal,viviparous,yes,arboreal,1.01,0.495,,yes,yes,survival by fecundity,Myhrvold et al 2015; Nowak 1999,cant find infant size,,
Buteo_solitarius,Aves,Hawaiian Hawk,17,505,,carnivore,terrestrial,terrestrial,oviparous,yes,volant,1,0.5,35,yes,no,We determined fecundity (f) as the number of female offspring produced per breeding-age female per year (female young/adult female). Not sure if hatching or fledglings but very close to egg by female ratio in population.,Myhrvold et al 2015; Handbook of birds of the world,,,
Callospermophilus_lateralis,Mammalia,Golden-mantled ground squirrel,10.4,227.3,0.002515111,omnivore,terrestrial,semifossorial,viviparous,yes,semifossorial,5.12,0.97,6.26,yes,yes,"The fertility rates for yearlings (i.e., age class 1) and adults (Fj(t) and Fa(t), respectively) were calculated using post-breeding census methods",Myhrvold et al 2015; Healy et al 2014,Spermophilus,,
Calidris_temminckii,Aves,Temmincks Stint,12.91666667,25.7,,insectivore,terrestrial,terrestrial,oviparous,yes,volant,4,2,4.95,yes,yes,Fecundity was expressed by number of chicks hatched per laid clutch,Myhrvold et al 2015; Handbook of birds of the world; Healy et al 2014,,,
Calyptorhynchus_lathami,Aves,Glossy Black Cockatoo,,431.975,,herbivore,terrestrial,arboreal,oviparous,yes,volant,1,,25.5,yes,yes,Fecundity was calculated as the number of _edglings of each sex produced per female of breeding age from 1996 to 2008,Myhrvold et al 2015; Handbook of birds of the world,,,
Canis_lupus,Mammalia,Wolf,29.5,29190.755,0.001366582,carnivore,terrestrial,terrestrial,viviparous,yes,terrestrial,4.98,0.82,434.3,yes,yes,"F, was equal to 1.07, and was calculated as the product of sex ratio, pup survival, the number of pups produced per female and the percentage of females bearing young ",Myhrvold et al 2015; Healy et al 2014,,,
Cebus_capucinus,Mammalia,White-headed Capuchin,55,2655,,omnivore,terrestrial,arboreal,viviparous,yes,arboreal,1,0.5,233.625,yes,yes,FxS,Myhrvold et al 2015; Healy et al 2014,,,
Centrocercus_minimus,Aves,Gunnison Grouse,,1650,,omnivore,terrestrial,terrestrial,oviparous,yes,volant,,,42,yes,yes,"The female reproductive parameter F includes as follows: the nest initiation rate, the probability the female will have a successful nest (including renests), average clutch size, and juvenile recruitment (including daily chick survival to 30 days of age and juvenile monthly survival",Myhrvold et al 2015,egg mass average from Apa and Wiechman 2015,,
Cercopithecus_mitis,Mammalia,Blue Monkey,37.8,6116.5,0.002228774,omnivore,terrestrial,arboreal,viviparous,yes,arboreal,1,0.5,391.65,,,FxS,Myhrvold et al 2015; Healy et al 2014,,,
Cervus_elaphus,Mammalia,Red Deer,31.5,160166.665,0.001561782,herbivore,terrestrial,terrestrial,viviparous,yes,terrestrial,1.035,0.905,9258.795,yes,no,"Fecundity was the product of the number of female calves born (sex ratio), intrauterine survival rate, and pregnancy rate",Myhrvold et al 2015; Healy et al 2014,,,
Chelodina_expansa,Reptilia,Giant Snake-necked Turtle,,4744,,carnivore,freshwater,semiaquatic,oviparous,no,fw_benthic,28,,18.34,yes,no,eggs I think,Cann 1998 Australian Freshwater turtles; Bower and Hodges 2014 A Compilation Project of the IUCN SSC Tortoise and Freshwater Turtle Specialist Group; Myhrvold et al 2015,the_wiegth_size_is_for_egg_mass. Probably only have one but may have a second clutch in spring,,
Chelydra_serpentina,Reptilia,Common Snapping Turtle,47,5170,,carnivore,freshwater,semiaquatic,oviparous,no,fw_benthic,26.45,1,12.175,yes,no,Annual  fecundity  (mx) was defined  as the number  of  female  eggs  produced  annually (average clutch size/2  [to adjust  for production  of  males  by  making  an  assumption  of an  equal  primary  sex  ratio]  and  then  multiplied  by  clutch  frequency).,Myhrvold et al 2015,,,
Chen_caerulescens,Aves,Snow Goose,27.5,2630.75,,herbivore,terrestrial,terrestrial,viviparous,yes,volant,,,,,,not_in_analysis,Myhrvold et al 2015; Handbook of birds of the world; Healy et al 2014,,,
Chrysemys_picta,Reptilia,Painted Turtle,61,371.8,,omnivore,freshwater,benthic,oviparous,no,fw_benthic,6,2,5.295,no,no,"eggs however matrix in COMADRE seems to have 6.6 eggs per female, much higher that the average of 4.1 given and also does not account for sex ratio",Ernst and Lovich Turtles of the United States and Canada; Myhrvold et al 2015,,,
Ciconia_ciconia,Aves,White stork,48,3350,,carnivore_scavanger,terrestrial,terrestrial,oviparous,yes,volant,4,1,72.5,,,not_in_analysis,Myhrvold et al 2015; Handbook of birds of the world,,,
Clemmys_guttata,Reptilia,Spotted Turtle,30,165.4,,omnivore,freshwater,benthic,oviparous,no,fw_benthic,4.29,1.2,6.6,yes,no,"Annual fertility was calculated by multiplying average clutch size by average clutch frequency. We assumed that half of all eggs become female, and since only females were used in the model, fertility was halved so that fecundity rep-resents the number of females recruited into the population each year. Fertility was then multiplied by annual adult female survivorship, as adults must survive in order to reproduce, to give an estimate of annual fecundity.",Ernst and Lovich Turtles of the United States and Canada; Myhrvold et al 2015,,,
Coragyps_atratus,Aves,Black Vulture,25.5,2080.5,,scavanger,terrestrial,terrestrial,viviparous,yes,volant,2,1,70,yes,yes,"In both models, fertility is related to the age-specific proportion  of  females  breeding  (PBs), mean number of female young fledged per female (assuming a 1:1 sex ratio;Fls), and survival of young from fledging to just before age 1 year",Myhrvold et al 2015; Handbook of birds of the world; Healy et al 2014,,,
Crocodylus_johnsoni,Reptilia,"Freshwater Crocodile, Johnstone River Crocodile",20,19500,,carnivore,freshwater,benthic,oviparous,yes,semiaquatic,12.70014347,1,69.7,yes,no,"from Comadre its hatchlings, but I cant access thesis",Myhrvold et al 2015,,,
Cryptophis_nigrescens,Reptilia,"Black-banded Trinket Snake, Red Bamboo Snake",11.6,1465.5,,carnivore,terrestrial,terrestrial,viviparous,no,terrestrial,4.3,,2.3,yes,yes,"recruitment  rate  per  individual,  which  incorporates the birth rate, survival to census, and potential  immigration",Myhrvold et al 2015; Healy et al in prep venom evolution,I cant find evidence of parental care but look again mass from Shine 1984,,
Cyprinus_carpio,Actinopterygii,Common carp,38,542.57,,omnivore,freshwater,river,oviparous,no,fw_river,,,,,,U mattrix needs to have fecundity elements removed,fishbase,,,
Drymarchon_couperi,Reptilia,Eastern indigo snake,25.9,7118,,carnivore,terrestrial,terrestrial,oviparous,no,terrestrial,8,1,63,yes,no,"Fecundity was estimated as the product of average clutch size divided by 2 (assuming a 1:1 hatchling sex ratio; Moulis 1976; Parker and Plummer 1987), nest survival, hatching rate, and probability that a female would breed in a given year (breeding probability). ",Myhrvold et al 2015,median of egg range from Hyslop et al 2012,,
Eidolon_helvum,Mammalia,African Straw-colored Fruit Bat,21.8325,280.43,,herbivore,terrestrial,arboreal,viviparous,yes,volant,1.04,1,49.14,yes,no,pregnacy rates,Myhrvold et al 2015; Healy et al 2014,,,
Elephas_maximus,Mammalia,Asian Elephant,80,3.22E+06,0.000636302,herbivore,terrestrial,terrestrial,viviparous,yes,terrestrial,1,0.23,100038.9,yes,no,pregnacy rates,Myhrvold et al 2015; Healy et al 2014,,,
Emydura_macquarii,Reptilia,Murray River turtle,20.9,1740,,carnivore,freshwater,benthic,oviparous,no,fw_benthic,13.2,2.5,10.075,yes,no,eggs,Cann 1998 Australian Freshwater turtles; Bower and Hodges 2014 A Compilation Project of the IUCN SSC Tortoise and Freshwater Turtle Specialist Group; Myhrvold et al 2015,need to look elswewhere,,check eggmass above here
Enhydra_lutris,Mammalia,Sea Otter,30,943.25,0.004016049,carnivore,marine,pelagic,viviparous,yes,m_pelagic,1,0.83,1909.17,no,yes,"age-specific  reproduction,  defined  as  the  age-specific probability of producing a 1-year-old female offspring",Myhrvold et al 2015; Healy et al 2014,,,
Esox_lucius,Actinopterygii,pike,30,1073.82,,carnivore,freshwater,pelagic,oviparous,no,fw_pelagic,,,0.006,yes,no,eggs,fishbase,egg size is mean from Bondarenko et al 2015,,
Falco_naumanni,Aves,Lesser kestrel,10.91666667,152.5,,carnivore,terrestrial,terrestrial,oviparous,yes,volant,4.2,1,16,,,discarded species,Myhrvold et al 2015; Handbook of birds of the world,,,
Falco_peregrinus,Aves,peregrine falcon,25,827.25,,carnivore,terrestrial,aerial,oviparous,yes,volant,3.5,1,47.1,yes,yes,f t is the number of fledglings per breeding pair in year t,Myhrvold et al 2015; Handbook of birds of the world; Healy et al 2014,,,
Forpus_passerinus,Aves,Green-rumped parrotlet,11.6,24,,herbivore,terrestrial,terrestrial,oviparous,yes,volant,1,1,101,,,discarded species,Myhrvold et al 2015; Handbook of birds of the world,,,
Fulmarus_glacialis,Aves,Northern Fulmar,51,785,,carnivore-scavanger,marine,pelagic,oviparous,yes,volant,1,1,101,yes,yes,"the average number of fledged offspring per AOS, where the number of AOS was the number of nests estimated with the robust design spatial occupancy  model",Myhrvold et al 2015; Handbook of birds of the world; Healy et al 2014,,,
Gavia_immer,Aves,Great Northern Loon,24.08333333,4400,,omnivore,freshwater,semiaquatic,oviparous,yes,volant,2,1,167,,,only_has a dimension of 2,Myhrvold et al 2015; Handbook of birds of the world,,,
Gavia_immer,Aves,Great Northern Loon,24.08333333,4400,,omnivore,freshwater,semiaquatic,oviparous,yes,volant,2,1,167,,,only_has a dimension of 2,Myhrvold et al 2015; Handbook of birds of the world,,,
Genypterus_blacodes,Actinopterygii,Pink cusk eel,30,5482,,carnivore,marine,bathydemersal,oviparous,no,m_benthic,"1,200,000",,0.005,no,yes,3-year-old recruits,fishbase Anage,egg mass calculated from egg diamter of 2.1mm (Graham 1940) and a conversion estimate of 0.973 for Kindsvater et al 2016,,
Gorilla_beringei,Mammalia,Eastern Gorilla,60.1,139842,,herbivore,terrestrial,terrestrial,viviparous,yes,terrestrial,1,0.3,2077.5,,,,,,,
Gyps_coprotheres,Aves,Cape Vulture,41.4,7862,,scavanger,terrestrial,terrestrial,oviparous,yes,volant,1,1,248,yes,yes,"fecundity, measured as large nestlings per adult pair p.a. is likely to be, at most 0.64, i.e. 0.32 females per female p.a. ",Myhrvold et al 2015; Handbook of birds of the world,?,,
Haliaeetus_albicilla,Aves,White-tailed Eagle,42,4793,,carnivore-scavanger,terrestrial,pelagic,oviparous,yes,volant,2,1,132.5,yes,yes,we used the mean reproduction rate of 0.4 chicks per breeding attempt reported in Struwe-Juhl (2003),Myhrvold et al 2015; Handbook of birds of the world; Healy et al 2014,,,
Haliotis_laevigata,Gastropoda,Smooth Australian abalone,,45.7,,herbivore,marine,benthic,oviparous,no,sessile,,,0.000006,,,gets dropped dur to unrelistic net reporductive rate,Shepherd 1973; Kube et al 2007,mass includes shell. Meat weigth available egg mass from 222um diamter (GRAHAM et al 2006) and a conversion of 0.973 for Kindsvater et al 2016 see Anderson 1978 for metabolism,,
Haliotis_rufescens,Gastropoda,Red abalone,,579.3206336,,herbivore,marine,benthic,oviparous,no,sessile,,,0.001,yes,no,Fecundity was defined as the number of mature eggs present in the ovary,Rogers-Bennett et al 2007,egg size from dired wiegh multiplied by five from Buchal et al 1998,,
Himantopus_novaezelandiae,Aves,Black Stilt,12.16666667,161,,carnivore,freshwater,semiaquatic,oviparous,yes,volant,4,1,21.8,yes,yes,number of fledglings produced per adult female,Myhrvold et al 2015; Handbook of birds of the world,?,,
Hippocamelus_bisulcus,Mammalia,Guemal,10.73333333,69620.405,,herbivore,terrestrial,terrestrial,viviparous,yes,terrestrial,1,1,3575.62,yes,yes,fertility by some survival0 term,Myhrvold et al 2015; Healy et al 2014,,,
Hirundo_rustica,Aves,Barn swallow,16,19,,insectivore,terrestrial,aerial,oviparous,yes,volant,4.495,1.8,1.9,,,matrix only 2,Myhrvold et al 2015; Handbook of birds of the world,,,
Homo_sapiens,Mammalia,Humnas,122.5,62035,0.001183,omnivore,terrestrial,terrestrial,viviparous,yes,terrestrial,1,0.3,3313,need to check,,,All data from Anage and references therin,,,
Hoplocephalus_bungaroides,Reptilia,Broad-headed Snake,19,279,,carnivore,terrestrial,terrestrial,viviparous,no,terrestrial,7,0.5,5.5,yes,yes,recruitment rate per individual,Myhrvold et al 2015; Healy et al in prep venom evolution,offspring size from Webb and Shine 1998 no evidence of parental care,,
Isurus_oxyrinchus,Elasmobranchii,Shortfin Mako,32,208088.8,,carnivore,marine,pelagic,viviparous,no,m_pelagic,14,0.33,2513,yes,no,"fi represents the stage-specific per-capita fecundity and is determined by  litter size, sex ratio and the densities of male and females",adult body size from common length of  offspring size from 65cm fishbase,,,
Jynx_torquilla,Aves,Eurasian wryneck,10,35.86666667,,insectivore,terrestrial,terrestrial,oviparous,yes,volant,8.5,1.5,2.7,,,matrix only 2,Myhrvold et al 2015; Handbook of birds of the world,,,
Kinosternon_flavescens,Reptilia,Yellow Mud Turtle,39.93333333,331.15,,omnivore,freshwater,semiaquatic,oviparous,no,semiaquatic,4.78,1,4.84,,,,Myhrvold et al 2015; Handbook of birds of the world,,,
Kinosternon_integrum,Reptilia,Mexican Mud Turtle,18.5,474.4,,omnivore,freshwater,semiaquatic,oviparous,no,semiaquatic,5,3,6.64,,,,,,,
Kinosternon_subrubrum,Reptilia,Eastern mud turtle,45.925,154.7,,carnivore,freshwater,benthic,oviparous,no,semiaquatic,3,1.1,4.09,yes,no,"Three aspects of fecundity were assessed in order to estimate mean per capita annual fecundity: mean clutch size (the average number of eggs in a clutch), mean clutch frequency (the average number of times a re- productively active female nested in a given season), and mean reproductive frequency (the average proportion of adult females that were reproductively active in a season).",Ernst and Lovich Turtles of the United States and Canada; Myhrvold et al 2015,needs more checks on diet,,
Lagopus_leucura,Aves,White-tailed Ptarmigan,15,351,,herbivore,terrestrial,terrestrial,oviparous,yes,volant,6,1,20,,,matrix only 2,Myhrvold et al 2015; Handbook of birds of the world,,,
Lagopus_muta,Aves,Rock ptarmigan,6.083333333,521,,herbivore,terrestrial,terrestrial,oviparous,yes,volant,7,1,20,,,matrix only 2,Myhrvold et al 2015; Handbook of birds of the world,,,
Lontra_canadensis,Mammalia,North American River Otter,27,8087.42,,carnivore,freshwater,semiaquatic,viviparous,yes,semiaquatic,2.67,0.94,140,yes,no,pregnancy rate x mean number of offspring,Myhrvold et al 2015; Healy et al 2014,not sure about that semifossorial,,
Lycalopex_culpaeus,Mammalia,Culpeo,13.1,13000,,carnivore,terrestrial,terrestrial,viviparous,yes,terrestrial,4,1,167.99,yes,no,Culpeo fecundity rate was the product of the pro-portion of breeding females and the number of female pups produced per female although not very clear in the matrix itself,Myhrvold et al 2015; Healy et al 2014,,,
Macaca_mulatta,Mammalia,Rhesus Monkey,40,6614,0.001952024,herbivore,terrestrial,semiarboreal,viviparous,yes,arboreal,1,1,473.54,yes,no,"Fi represents the annual contribution of young adult and adult females to female infants, or fertility. However infants are below 1 year old",Myhrvold et al 2015; Healy et al 2014,,,
Maccullochella_peelii,Actinopterygii,Murray cod ,48,2594.72,,carnivore,freshwater,river,oviparous,yes,fw_river,,,0.01,yes,yes,Age classes from eggs to juvenile occur within a single time step and are not influenced by the population carrying capacity which is enacted with individuals entering at the age 1 life stage,fishbase,mean egg mass from Gunasekera et al 1998,,
Macquaria_ambigua,Actinopterygii,Golden perch ,20,3821.53,,carnivore,freshwater,river,oviparous,no,fw_river,,,0.03,yes,yes,Age classes from eggs to juvenile occur within a single time step and are not influenced by the population carrying capacity which is enacted with individuals entering at the age 1 life stage,fishbase,egg mass from eggs of diameter 3.9mm (Lake 1967) and density of 1.0205 g/cm3 from Pacariz et al 2013,,
Macropus_eugenii,Mammalia,Tammar wallaby,15.1,5037.24,,herbivore,terrestrial,terrestrial,viviparous,yes,terrestrial,1.005,1,0.4345,,,not_there,Myhrvold et al 2015,,,
Malaclemys_terrapin,Reptilia,Diamondback terrapin,14.1,803,,carnivore,freshwater,benthic,oviparous,no,fw_benthic,8.5,1.5,8.36,yes,yes,"Fertility was calculated by multiplying mean clutch size, mean clutch frequency and the annual egg survival rate together.",Ernst and Lovich Turtles of the United States and Canada; Myhrvold et al 2015,,,
Marmota_flaviventris,Mammalia,Yellow-bellied Marmot,21.2,3709.73,0.002008617,herbivore,terrestrial,semifossorial,viviparous,yes,semifossorial,4.44,0.97,33.8,yes,yes,Litter size was estimated as the number of weaned female young that emerged from the natal burrows,Myhrvold et al 2015; Healy et al 2014,,,
Martes_pennanti,Mammalia,Fisher,14.3,3175,,carnivore,terrestrial,terrestrial,viviparous,yes,terrestrial,2.92,1,34.78,,,,,,,
Milvus_migrans,Aves,Black Kite,24,828.5,,carnivore-scavanger,terrestrial,terrestrial,oviparous,yes,volant,2.5,1,56,yes,yes,"number of fledged young per breeding attempt, denoted F",Myhrvold et al 2015; Handbook of birds of the world; Healy et al 2014,,,
Mirounga_leonina,Mammalia,Southern Elephant Seal,23,1.40E+06,,carnivore,marine,mesopelagic,viviparous,yes,m_pelagic,1,0.98,39655.93,yes,no,Fecundity (ó) is defined as the number of female offspring produced per female in the interval t to t + 1 and  n is the maximum age of female seals.,Myhrvold et al 2015; Healy et al 2014,,,
Mustela_erminea,Mammalia,Ermine,12.5,110.33,0.008253968,carnivore,terrestrial,semifossorial,viviparous,yes,semifossorial,6.755,1,2.3,,,,Myhrvold et al 2015; Healy et al 2014,,,
Mya_arenaria,Bivalvia,Soft sheel clam,28,74,,filter-feeding,marine,benthic,oviparous,no,sessile,,,0.0000003,,,,"Lynch et al 2012 max from MacDonald & Thomas, 1980",agg mass from 38um (Appeldoorn 1995) and a conversion of 0.973 for Kindsvater et al 2016 see Anderson 1978 for metabolism,,
Nuttallia_obscurata,Bivalvia,purple mahogany clam,24,9.542072,,filter-feeding,marine,benthic,oviparous,no,sessile,,,0.0000002,,,,mass calculated using allometry for total wieght with shell length 43.7mm Kolpakov and Kolpakov 2005,egg mass from 38um (Dudas and Dower 2006) and a conversion of 0.973 for Kindsvater et al 2016 ,,
Odocoileus_virginianus,Mammalia,White-tailed Deer,23,65320,0.001394455,herbivore,terrestrial,terrestrial,viviparous,yes,terrestrial,1.71,1,3000,,,,Myhrvold et al 2015; Healy et al 2014,,,
Oncorhynchus_tshawytscha,Actinopterygii,Chinook_salmon,9,4600,,omnivore,marine-freshwater,benthopelagic,oviparous,no,m_pelagic,,,0.212,,,,fishbase Anage,egg mass avarged from Table 1 in Beacham and Murray 1993,246.6 respiration met at at 20C (mg/kg/h) for a 26g indavidual,
Onychogalea_fraenata,Mammalia,Bridled Nail-tail Wallaby,7.4,5226.025,,herbivore,terrestrial,terrestrial,viviparous,yes,terrestrial,1,1.89,1566.44,,,,Myhrvold et al 2015; Healy et al 2014,this is the weaned wiegth,,
Ovis_canadensis,Mammalia,Bighorn Sheep,24,69125,0.002007991,herbivore,terrestrial,terrestrial,viviparous,yes,terrestrial,1.03,1,4333.335,,,,Myhrvold et al 2015; Healy et al 2014,,,
Pan_troglodytes,Mammalia,Common Chimpanzee,74,44983.5,0.001494838,omnivore,terrestrial,semiarboreal,viviparous,yes,arboreal,1.075,0.2,1745.02,,,,Myhrvold et al 2015; Healy et al 2014,,,
Panthera_pardus,Mammalia,Leopard,27.3,53074.995,,carnivore,terrestrial,terrestrial,viviparous,yes,terrestrial,2.14,1,550,,,,Myhrvold et al 2015; Healy et al 2014,,,
Papio_cynocephalus,Mammalia,Yellow Baboon,45,17851.25,,omnivore,terrestrial,terrestrial,viviparous,yes,terrestrial,1,0.805,319.48,,,,Myhrvold et al 2015; Nowak 1999,?,,
Paramuricea_clavata,Anthozoa,Violescent sea-whip,,3255,,filter-feeding; autotrophic,marine,benthic,oviparous,no,sessile,,,0.0004,,,,assuming a smax size of 1 meter high and wide and 5cm thick using 2.17g per cm from Herler amd Dirnwober 2011,egg mass from eggs of diameter 0.45mm (Coma  et al1995) and density of 1.0205 g/cm3 from Pacariz et al 2013,,
Passer_domesticus,Aves,House Sparrow,23,27.7,,omnivore,terrestrial,terrestrial,oviparous,yes,volant,4.35,3.25,2.8,,,,Myhrvold et al 2015,,,
Pernis_apivorus,Aves,European Honey Buzzard,29,762.5,0.003626196,insectivore,terrestrial,terrestrial,oviparous,yes,volant,2,1,49,,,,"Myhrvold et al 2015; Handbook of birds of the world,Healy et al 2014",,,
Phacochoerus_aethiopicus,Mammalia,Desert Warthog,18.8,73303.76,,omnivore,terrestrial,terrestrial,viviparous,yes,terrestrial,3.365,1.305,682.365,,,,Myhrvold et al 2015,,,
Phalacrocorax_auritus,Aves,Double-crested Cormorant,22.5,1876.5,0.004129323,carnivore,marine,pelagic,oviparous,yes,volant,3.5,1,48,,,,Myhrvold et al 2015; Handbook of birds of the world; Healy et al 2014,,,
Phocarctos_hookeri,Mammalia,New Zealand Sealion,23,273499.99,,carnivore,marine,pelagic,viviparous,yes,m_pelagic,1,1.05,7000,,,,Myhrvold et al 2015,,,
Phoebastria_immutabilis,Aves,Laysan Albatross,60,3050,,carnivore-scavanger,marine,pelagic,oviparous,yes,volant,1,0.90037594,167.2,,,,Myhrvold et al 2015; Handbook of birds of the world; Healy et al 2014,,,
Phrynosoma_cornutum,Reptilia,Texas Horned Lizard,,27.335,,carnivore,terrestrial,terrestrial,oviparous,no,terrestrial,21.3,1.5,0.37,,,,Whitford and Bryant 1979; Myhrvold et al 2015,haching weight,,
Physeter_macrocephalus,Mammalia,Sperm Whale,100,1.01E+07,,carnivore,marine,pelagic,viviparous,yes,m_pelagic,1,0.23,774000,,,,Myhrvold et al 2015,,,
Picoides_borealis,Aves,Red-cockaded Woodpecker,16.1,48,,insectivore,terrestrial,arboreal,oviparous,yes,volant,3.26,1,4.3,,,,Myhrvold et al 2015; Handbook of birds of the world; Healy et al 2014,,,
Podocnemis_expansa,Reptilia,"Arrau River Turtle, South American River Turtle",50,25800,,herbivore,freshwater,benthic,oviparous,no,fw_benthic,91.5,1,37.2,,,,Ernst and Lovich Turtles of the United States and Canada; Myhrvold et al 2015,,,
Podocnemis_lewyana,Reptilia,Rio Magdalena River Turtle,,9599,,herbivore,freshwater,benthic,oviparous,no,fw_benthic,16.5,,23.1,,,,Myhrvold et al 2015,http://www.iucn-tftsg.org/wp-content/uploads/file/Accounts/crm_5_024_lewyana_v1_2009.pdf,,
Propithecus_edwardsi,Mammalia,Milne-Edwards's Sifaka,11.05833333,6568.99,,herbivore,terrestrial,arboreal,viviparous,yes,arboreal,1.01,0.62,134.995,,,,Myhrvold et al 2015; Nowak 1999,?,,
Propithecus_verreauxi,Mammalia,Verreaux's Sifaka,30.5,3588.26,0.001238276,herbivore,terrestrial,semiarboreal,viviparous,yes,arboreal,1.02,1,77.64,,,,Myhrvold et al 2015; Healy et al 2014,,,
Puffinus_auricularis,Aves,Townsend's Shearwater,50.91666667,419.8333333,,carnivore-scavanger,marine,pelagic,oviparous,yes,volant,1,1,58,,,,Myhrvold et al 2015; Handbook of birds of the world; Healy et al 2014,,,
Rangifer_tarandus,Mammalia,Reindeer,21.7,101250,0.001416755,herbivore,terrestrial,terrestrial,viviparous,yes,terrestrial,1.1,1,5773.67,,,,Myhrvold et al 2015; Healy et al 2014,,,
Salvelinus_confluentus,Actinopterygii,Bull trout,,3102.73,,carnivore,freshwater,river,oviparous,no,fw_river,,,0.09,,,,fishbase,egg mass calculated from egg diamter of 0.56cm (McPhail and Baxter 1996) and a conversion estimate of 0.973 for Kindsvater et al 2016,,
Sceloporus_arenicolus,Reptilia,Dunes Sagebrush Lizard,,6.58,,insectivore,terrestrial,terrestrial,oviparous,no,terrestrial,3.9,2,0.50909,,,,Myhrvold et al 2015,I see no evidence of parental investment but check,,
Sceloporus_grammicus,Reptilia,Mesquite lizard,,5.64,,carnivore,terrestrial,terrestrial,oviparous,no,terrestrial,6,1,0.32,,,,Manrique and Ramirez-Bautista 2010; Myhrvold et al 2015,used birth mass,,
Scolytus_ventralis,Insecta,Fir engraver,,1,,herbivore,terrestrial,terrestrial,oviparous,no,volant,,,,,,,,wieght based on 2cm size and that largerst insect of 11cm is only 100g,,
Setophaga_cerulea,Aves,Cerulean warbler,6,9.05,,insectivore,terrestrial,arboreal,oviparous,yes,volant,4,1,1.49,,,,Myhrvold et al 2015; Handbook of birds of the world,,,
Somateria_mollissima,Aves,common eider,37.8,2092,,carnivore,marine,benthic,oviparous,yes,volant,4.15,1,110,,,,Myhrvold et al 2015; Handbook of birds of the world,,,
Sprattus_sprattus,Actinopterygii,European sprat,6,11.3,,planktiovor,marine,pelagic,oviparous,no,m_pelagic,,,,,,,fishbase Anage,,,
Stellifer_illecebrosus,Actinopterygii,Silver stardrum,,20.83045,,insectivore,marine,benthic,oviparous,no,m_benthic,,,,,,,no data on egg size,,,
Sterna_hirundo,Aves,Common Tern,33,124,,carnivore,marine,pelagic,oviparous,yes,volant,2.5,1,21,,,,Myhrvold et al 2015; Handbook of birds of the world,,,
Sternula_antillarum,Aves,Least Tern,24.1,46.85,,carnivore,marine,pelagic,oviparous,yes,volant,2,1,9.9,,,,Myhrvold et al 2015; Handbook of birds of the world,,,
Strix_occidentalis,Aves,Spotted Owl,25,609.5,0.004684764,carnivore,terrestrial,terrestrial,oviparous,yes,volant,2,1,47,,,,Myhrvold et al 2015; Handbook of birds of the world; Healy et al 2014,,,
Tamiasciurus_hudsonicus,Mammalia,Red Squirrel,12,210.8,0.006076389,herbivore,terrestrial,semiarboreal,viviparous,yes,arboreal,4.2,1.725,7,,,,Myhrvold et al 2015; Healy et al 2014,,,
Thalassarche_melanophris,Aves,Black-browed Albatross,43.7,3440,,carnivore-scavanger,marine,pelagic,oviparous,yes,volant,1,0.84,258,,,,Myhrvold et al 2015; Handbook of birds of the world,?,,
Troglodytes_troglodytes,Aves,Eurasian Wren,7,9.225,,insectivore,terrestrial,terrestrial,oviparous,yes,volant,5.555,1.5,1.32,,,,,,,
Turdus_torquatus,Aves,Ring Ouzel,9.1,109,,omnivore,terrestrial,terrestrial,oviparous,yes,volant,4.5,2,7.4,,,,Myhrvold et al 2015; Handbook of birds of the world,,,
Tympanuchus_cupido,Aves,Greater Prairie Chicken,13.5,885.5,,herbivore,terrestrial,terrestrial,oviparous,yes,volant,12,1,24.5,,,,Myhrvold et al 2015; Handbook of birds of the world; Healy et al 2014,,,
Umbonium_costatum,Gastropoda,Sand snail,8,2.3,,herbivore,marine,benthic,oviparous,no,sessile,19550,2,0.000002,,,,Noda et al 1991 and Perea et al 2008; maximum is at least 8,22mm diameter from Noda et al 1991 converted to mass using 0.545x(22^2.7)/1000   egg mass calculated from egg diamter of 155um (Noda et al 1994) and a conversion estimate of 0.973 for Kindsvater et al 2016,,
Urocitellus_armatus,Mammalia,Uinta Ground Squirrel,7,310.4,,herbivore,terrestrial,semifossorial,viviparous,yes,semifossorial,5.45,1,60.3,,,,Myhrvold et al 2015,?,,
Urocitellus_columbianus,Mammalia,Columbian Ground Squirrel,4.241666667,468.635,,herbivore,terrestrial,semifossorial,viviparous,yes,semifossorial,3.54,1,9.41,,,,Myhrvold et al 2015,Spermophilus check met,,
Urocyon_littoralis,Mammalia,Island Fox,10.48333333,1906.835,,carnivore,terrestrial,semiarboreal,viviparous,yes,terrestrial,2.385,1.05,100,,,,Myhrvold et al 2015; Healy et al 2014,,,
Ursus_americanus,Mammalia,American Black Bear,34,132405,0.000658172,omnivore,terrestrial,terrestrial,viviparous,yes,terrestrial,2.465,0.4,288.07,,,,Myhrvold et al 2015; Healy et al 2014,,,
Ursus_maritimus,Mammalia,Polar Bear,45,371703.81,,carnivore-scavanger,terrestrial,semiaquatic,viviparous,yes,terrestrial,1.66,0.4,649.625,,,,Myhrvold et al 2015; Healy et al 2014,,,
Vermivora_chrysoptera,Aves,Golden-winged warbler,7.916666667,8.9,,insectivore,terrestrial,semiarboreal,oviparous,yes,volant,4.5,1,1.47,,,,Myhrvold et al 2015; Handbook of birds of the world,,,
Vipera_aspis,Reptilia,Sahara Sand Viper,6,161,,carnivore,terrestrial,terrestrial,viviparous,no,terrestrial,11.5,,6.3,,,,Myhrvold et al 2015; Healy et al in prep venom evolution,offspring mass from Bonnet et al 2001,,
Xenosaurus_grandis,Reptilia,Knob-scaled Lizard,,23.59,,carnivore,terrestrial,terrestrial,viviparous,no,terrestrial,,,,,,,Lemos-Espinal 2004;Myhrvold et al 2015,,,
Xenosaurus_platyceps,Reptilia,Flathead Knob-scaled Lizard,,19.6,,carnivore,terrestrial,terrestrial,viviparous,no,terrestrial,,,,,,,Lemos-Espinal 2004;Myhrvold et al 2015,,,
Zalophus_californianus,Mammalia,California Sealion,35.7,158597.43,,carnivore,marine,pelagic,viviparous,yes,m_pelagic,1.1,0.89,6758.57,,,,Myhrvold et al 2015; Healy et al 2014,,,
Zingel_asper,Actinopterygii,Rhone streber ,,3.147875,,insectivore,freshwater,benthic,oviparous,no,fw_benthic,,,0.005,,,,fishbase,egg mass calculated from egg diamter of 2.2mm (fishbase) and a conversion estimate of 0.973 for Kindsvater et al 2016,,