species,taxa_name,mean_life_expect,life_time_La,mean_repo_rate,gen_time,H_entropy,S_entropy,M_rep_lif_exp,matrix_size,surv_95,surv_99,gini,first_stage,lambda_pop,mass_g,parental_care,repo_type,mobility,trophic_level,habitat_ecology,habitat,min_max,met_type,FMR_mass_grams,FMR_kJ_day,FMR_kJ_day_g,met_rate_Wg,iucn_statues,iucn_pop,animal,met_notes,,,
Alces_alces,Mammalia,7.596653846,3,0.509437345,10.64398229,1.858355903,3.798893558,19.23076923,3,39,69,0.512890086,Calf: 0-1 years,1.200679683,351000,yes,viviparous,terrestrial,herbivore,terrestrial,terrestrial,69,endo,,,,0.000882606,LC,increasing,Alces_alces,White_Seymour03PNAS,,,
Alces_alces,Mammalia,6.143580199,3,0.347525664,9.16229411,1.317383306,3.01662437,10.92607106,5,22,32,0.508985691,Calf,1.1369653,351000,yes,viviparous,terrestrial,herbivore,terrestrial,terrestrial,32,endo,,,,0.000882606,LC,increasing,Alces_alces,White_Seymour03PNAS,,,
Alces_alces,Mammalia,4.154044118,3,0.48405092,9.735649061,1.781115251,3.10752579,12.35516934,5,21,32,0.45604316,Calf,1.13106558,351000,yes,viviparous,terrestrial,herbivore,terrestrial,terrestrial,32,endo,,,,0.000882606,LC,increasing,Alces_alces,White_Seymour03PNAS,,,
Alces_alces,Mammalia,5.134379439,2,0.198954114,5.559106354,0.862793627,2.177138311,6.668353934,11,13,14,0.462170483,1 yr,1.004486866,351000,yes,viviparous,terrestrial,herbivore,terrestrial,terrestrial,14,endo,,,,0.000882606,LC,increasing,Alces_alces,White_Seymour03PNAS,,,
Alces_alces,Mammalia,2.809037027,2,0.316321739,5.670473263,1.184321547,1.803154973,4.207062853,7,9,11,0.582093537,1 yr,0.96444696,351000,yes,viviparous,terrestrial,herbivore,terrestrial,terrestrial,11,endo,,,,0.000882606,LC,increasing,Alces_alces,White_Seymour03PNAS,,,
Amazona_vittata,Aves,8.142857143,6.310344828,0.265269793,10.90294462,1.143665598,3.301485247,8.928571429,3,26,39,0.461304661,One-year-olds,1.132660131,281,yes,oviparous,volant,herbivore,arboreal,terrestrial,39,endo,,,,,CE,increasing,Amazona_vittata,,,,
Ammocrypta_pellucida,Actinopterygii,1.036839904,2,1.475077791,2.364808446,0.758234283,0.591530352,1.534996,4,2,3,0.610750361,Age 0+,1.506150286,0.8,no,oviparous,fw_benthic,carnivore,benthic,freshwater,4,ecto,,,,,LC,stable,Ammocrypta_pellucida,,,,
Ammodramus_savannarum,Aves,1.507559395,2,0.572423484,3.271836685,1.210474366,1.421421968,2.159827214,2,5,8,0.607872194,Juvenile,0.921908143,17.9,yes,oviparous,volant,insectivore,terrestrial,terrestrial,8,endo,,,,0.012882448,LC,decreasing,Ammodramus_savannarum,from mcNAb its 0.64 kj/h for a 13.8g,,,
Ammodramus_savannarum,Aves,1.507559395,2,0.611580304,3.220280968,1.210474366,1.421421968,2.159827214,2,5,8,0.607872194,Juvenile,0.95522579,17.9,yes,oviparous,volant,insectivore,terrestrial,terrestrial,8,endo,,,,0.012882448,LC,decreasing,Ammodramus_savannarum,from mcNAb its 0.64 kj/h for a 13.8g,,,
Amphimedon_compressa,Demospongiae,3.980267822,1,0.050572829,8.609542766,1.135226426,2.235421368,3.980267822,3,12,17,0.588744043,< 10 cm height,0.795666347,182,no,oviparous,sessile,filter-feeding,benthic,marine,17,ecto,,,,,NA,NA,Amphimedon_compressa,,,,
Anarhynchus_frontalis,Aves,2.916363636,3,0.20619905,14.06169701,1.986073335,2.946769335,9.090909091,3,14,28,0.480660059,Juvenile,0.947124265,58.125,yes,oviparous,volant,insectivore,terrestrial,freshwater,28,endo,,,,,V,decreasing,Anarhynchus_frontalis,,,,
Anas_fulvigula,Aves,1.886792453,1,0.033978864,5.060544866,1.138643852,1.272435318,1.886792453,2,5,8,0.662212937,Second year females,0.503978864,1082,yes,oviparous,volant,omnivore,semiaquatic,freshwater,8,endo,,,,,LC,decreasing,Anas_fulvigula,,,,
Anas_laysanensis,Aves,7.833333333,2,0.417455485,5.888581962,1.123964474,3.000991972,8.333333333,2,24,37,0.596295613,Juvenile,1.277854403,1082,yes,oviparous,volant,insectivore,semiaquatic,freshwater,37,endo,,,,,CE,increasing,Anas_laysanensis,,,,
Anas_platyrhynchos,Aves,2.386634845,1,0.242790216,4.105931987,1.184589135,1.57811438,2.386634845,2,7,10,0.636354928,SY- females entering second calendar year of life,0.823790216,1121,yes,oviparous,volant,omnivore,semiaquatic,freshwater,10,endo,,3.986928,,0.003986928,LC,increasing,Anas_platyrhynchos,from mcNAb its 14.64 kj/h for a 1020g,,,
Anas_platyrhynchos,Aves,2.793103448,1,0.305550715,4.086812117,1.151044256,1.706598979,2.793103448,2,8,11,0.62478972,SY- second year (yearling),0.945675186,1121,yes,oviparous,volant,omnivore,semiaquatic,freshwater,11,endo,,,,0.003986928,LC,increasing,Anas_platyrhynchos,from mcNAb its 14.64 kj/h for a 1020g,,,
Anser_anser,Aves,5.63362511,3,0.440767101,6.138982487,1.178625004,2.65715348,6.090319437,3,18,27,0.607044973,Juvenile,1.251883528,3308.5,yes,oviparous,volant,herbivore,semiaquatic,terrestrial,27,endo,,,,0.003334188,LC,increasing,Anser_anser,from mcNAb its 39.01 kj/h for a 3250g,,,
Anser_anser,Aves,7.891906504,3,0.47522445,6.831099693,1.180106767,3.063073396,8.921402444,3,25,39,0.591748316,Juvenile,1.32596022,3308.5,yes,oviparous,volant,herbivore,semiaquatic,terrestrial,39,endo,,,,0.003334188,LC,increasing,Anser_anser,from mcNAb its 39.01 kj/h for a 3250g,,,
Anser_anser,Aves,4.454576976,3,0.405944551,5.668096187,1.167415687,2.346408019,4.623208507,3,14,20,0.610346706,Juvenile,1.177210709,3308.5,yes,oviparous,volant,herbivore,semiaquatic,terrestrial,20,endo,,,,0.003334188,LC,increasing,Anser_anser,from mcNAb its 39.01 kj/h for a 3250g,,,
Anthropoides_paradiseus,Aves,16.70947999,5,0.560041102,11.55941978,1.476263661,4.206143352,27.63423329,5,68,112,0.552158113,1 year,1.382492584,5100,yes,oviparous,volant,omnivore,terrestrial,terrestrial,112,endo,,,,,V,stable,Anthropoides_paradiseus,,,,
Arctocephalus_australis,Mammalia,5.473568533,3,0.194347261,9.16692818,1.224836844,2.766372993,6.7166526,21,17,30,0.604672076,0-1.5 yrs,1.009741442,67979.43,yes,viviparous,m_pelagic,carnivore,pelagic,marine,30,endo,,,,,LC,increasing,Arctocephalus_australis,,,,
Astroblepus_ubidiai,Actinopterygii,1.298934141,3,0.975960388,3.632338173,1.009138201,1.004167043,1.639340487,7,4,6,0.693225708,Age 0,1.195930399,14.7,no,oviparous,fw_benthic,omnivore,benthic,freshwater,7,ecto,,,,,CE,NA,Astroblepus_ubidiai,,,,
Bonasa_umbellus,Aves,1.651573292,1,0.287408233,3.607230882,1.113092825,1.184920777,1.651573292,2,5,7,0.644020595,Juvenile,0.69693097,532,yes,oviparous,volant,omnivore,terrestrial,terrestrial,7,endo,,,,,LC,decreasing,Bonasa_umbellus,,,,
Bonasa_umbellus,Aves,1.40066778,1,0.287877745,3.501813367,1.036360826,1.06593901,1.40066778,2,4,6,0.627645767,Juvenile,0.613306535,532,yes,oviparous,volant,omnivore,terrestrial,terrestrial,6,endo,,,,,LC,decreasing,Bonasa_umbellus,,,,
Bonasa_umbellus,Aves,1.576433121,1,0.296872226,3.444032719,1.037927725,1.008349229,1.576433121,2,5,6,0.647839374,Juvenile,0.664403977,532,yes,oviparous,volant,omnivore,terrestrial,terrestrial,6,endo,,,,,LC,decreasing,Bonasa_umbellus,,,,
Bonasa_umbellus,Aves,1.74952919,1,0.205597444,3.787434459,1.132468004,1.24217334,1.74952919,2,5,7,0.623229064,Juvenile,0.652216186,532,yes,oviparous,volant,omnivore,terrestrial,terrestrial,7,endo,,,,,LC,decreasing,Bonasa_umbellus,,,,
Bonasa_umbellus,Aves,2.211136891,1,0.39576215,4.0441297,1.209398324,1.547868058,2.211136891,2,7,10,0.647287052,Juvenile,0.945080416,532,yes,oviparous,volant,omnivore,terrestrial,terrestrial,10,endo,,,,,LC,decreasing,Bonasa_umbellus,,,,
Bonasa_umbellus,Aves,1.711832061,1,0.113801826,4.207454655,1.14021879,1.256483405,1.711832061,2,5,7,0.617775527,Juvenile,0.569209062,532,yes,oviparous,volant,omnivore,terrestrial,terrestrial,7,endo,,,,,LC,decreasing,Bonasa_umbellus,,,,
Bonasa_umbellus,Aves,1.543089431,1,0.149947321,3.555521781,1.045252948,1.03446429,1.543089431,2,4,6,0.638879347,Juvenile,0.520247959,532,yes,oviparous,volant,omnivore,terrestrial,terrestrial,6,endo,,,,,LC,decreasing,Bonasa_umbellus,,,,
Bonasa_umbellus,Aves,1.547332186,1,0.536481007,3.812877104,1.07042429,1.100436457,1.547332186,2,5,6,0.614748598,Juvenile,0.894935191,532,yes,oviparous,volant,omnivore,terrestrial,terrestrial,6,endo,,,,,LC,decreasing,Bonasa_umbellus,,,,
Bostrychia_hagedash,Aves,3.846153846,3,0.194951574,7.088734738,1.161949851,2.312941168,3.846153846,7,11,17,0.547032195,1 year,0.934951574,1245.25,yes,oviparous,volant,insectivore,terrestrial,terrestrial,17,endo,,,,,LC,increasing,Bostrychia_hagedash,,,,
Buteo_solitarius,Aves,3.25,4,0.192158048,13.59802685,1.842397203,2.879518526,8.333333333,4,16,28,0.516689275,1st year survival,0.948588794,505,yes,oviparous,volant,carnivore,terrestrial,terrestrial,28,endo,,,,,NT,stable,Buteo_solitarius,,,,
Buteo_solitarius,Aves,14.66666667,4,0.121123451,15.58094814,1.134951898,3.715366818,16.66666667,4,48,74,0.587081033,1st year survival,1.047244347,505,yes,oviparous,volant,carnivore,terrestrial,terrestrial,74,endo,,,,,NT,stable,Buteo_solitarius,,,,
Buteo_solitarius,Aves,14.66666667,4,0.079739812,18.46370016,1.134951898,3.715366818,16.66666667,4,48,74,0.587081033,1st year survival,1.010268291,505,yes,oviparous,volant,carnivore,terrestrial,terrestrial,74,endo,,,,,NT,stable,Buteo_solitarius,,,,
Buteo_solitarius,Aves,9.333333333,4,0.160957712,16.54452841,1.554934212,3.681615803,16.66666667,4,40,66,0.549617571,1st year survival,1.032355996,505,yes,oviparous,volant,carnivore,terrestrial,terrestrial,66,endo,,,,,NT,stable,Buteo_solitarius,,,,
Calidris_temminckii,Aves,3.278688525,1,0.070045665,6.640666065,1.175588663,1.991614545,3.278688525,3,10,14,0.60879963,1 year,0.765045665,25.7,yes,oviparous,volant,insectivore,terrestrial,terrestrial,14,endo,,,,,LC,NA,Calidris_temminckii,,,,
Calidris_temminckii,Aves,3.278688525,1,0.216610452,4.987625834,1.175588663,1.97414639,3.278688525,3,10,14,0.616149603,1 year,0.911610452,25.7,yes,oviparous,volant,insectivore,terrestrial,terrestrial,14,endo,,,,,LC,NA,Calidris_temminckii,,,,
Calyptorhynchus_lathami,Aves,8.034482759,3,0.1711829,11.85238075,1.372409869,3.317123052,11.49425287,3,30,48,0.571476137,Age 0,1.0343689,431.975,yes,oviparous,volant,herbivore,arboreal,terrestrial,48,endo,,,,,LC,decreasing,Calyptorhynchus_lathami,,,,
Calyptorhynchus_lathami,Aves,8.034482759,5,0.170327979,13.87669384,1.372409869,3.304281125,11.49425287,5,30,48,0.575942603,Age 0,1.033732233,431.975,yes,oviparous,volant,herbivore,arboreal,terrestrial,48,endo,,,,,LC,decreasing,Calyptorhynchus_lathami,,,,
Cebus_capucinus,Mammalia,21.42432665,7,0.072630012,29.36270287,1.240529636,4.251218442,27.11291884,8,76,121,0.566949518,0 yrs,1.020886989,2655,yes,viviparous,arboreal,omnivore,arboreal,terrestrial,121,endo,,,,,NA,NA,Cebus_capucinus,,,,
Centrocercus_minimus,Aves,1.616675,3,0.206534096,4.171010349,1.118844035,0.999601269,1.9375,4,5,7,0.70064044,Chick,0.603467166,1650,yes,oviparous,volant,omnivore,terrestrial,terrestrial,7,endo,,,,,E,decreasing,Centrocercus_minimus,,,,
Centrocercus_minimus,Aves,1.697,3,0.232145718,5.478358522,1.295502425,1.524033156,2.5,4,6,9,0.611844224,Chick,0.71387521,1650,yes,oviparous,volant,omnivore,terrestrial,terrestrial,9,endo,,,,,E,decreasing,Centrocercus_minimus,,,,
Cercopithecus_mitis,Mammalia,19.6419183,8,0.0841144,21.45230122,0.902491233,3.777182162,17.65897656,9,55,82,0.603406841,0 yrs,1.036082012,6116.5,yes,viviparous,arboreal,omnivore,arboreal,terrestrial,82,endo,,,,0.002228774,LC,decreasing,Cercopithecus_mitis,"Trevor S. Fristoe, Joseph R. Burger, Meghan A. Balk, Imran Khaliq, Christian Hof and James H. Brown",,,
Cervus_elaphus,Mammalia,10.33984397,3,0.145576821,8.015002287,0.467342834,2.508123613,9.724110396,19,18,19,0.455430693,1 yr,1.06530507,160166.665,yes,viviparous,terrestrial,herbivore,terrestrial,terrestrial,19,endo,107500,25224,0.23464186,0.001561782,LC,increasing,Cervus_elaphus,Genoud et al Comparative analyses of basal rate of metabolism in mammals: data selection does matter,,,
Cervus_elaphus,Mammalia,2.013645025,2,0.399330557,8.002850115,1.824826616,2.54155596,6.218681137,16,10,18,0.453740789,Calves,0.950828258,160166.665,yes,viviparous,terrestrial,herbivore,terrestrial,terrestrial,18,endo,107500,25224,0.23464186,0.001561782,LC,increasing,Cervus_elaphus,Genoud et al Comparative analyses of basal rate of metabolism in mammals: data selection does matter,,,
Cervus_elaphus,Mammalia,2.305067911,2,0.387208686,8.243819469,1.83253591,2.610239987,7.05442114,16,12,19,0.442959887,Calves,0.976364141,160166.665,yes,viviparous,terrestrial,herbivore,terrestrial,terrestrial,19,endo,107500,25224,0.23464186,0.001561782,LC,increasing,Cervus_elaphus,Genoud et al Comparative analyses of basal rate of metabolism in mammals: data selection does matter,,,
Cervus_elaphus,Mammalia,3.817487065,2,0.284574818,7.636469443,1.539339659,2.659691668,7.959003009,16,17,22,0.497429999,Calves,1.014607488,160166.665,yes,viviparous,terrestrial,herbivore,terrestrial,terrestrial,22,endo,107500,25224,0.23464186,0.001561782,LC,increasing,Cervus_elaphus,Genoud et al Comparative analyses of basal rate of metabolism in mammals: data selection does matter,,,
Chelodina_expansa,Reptilia,1.153856913,7.524861878,0.739128946,26.68079814,1.077147618,1.552075643,12.65822785,3,2,7,0.413696567,Egg / Hatchling,0.950555975,4744,no,oviparous,fw_benthic,carnivore,semiaquatic,freshwater,7,ecto,,,,,NA,NA,Chelodina_expansa,,,,
Chelodina_expansa,Reptilia,2.293796769,7.524861878,0.542697082,16.07361829,1.930685783,3.014404566,12.65822785,3,10,23,0.206322251,Egg / Hatchling,1.04948671,4744,no,oviparous,fw_benthic,carnivore,semiaquatic,freshwater,23,ecto,,,,,NA,NA,Chelodina_expansa,,,,
Chelydra_serpentina,Reptilia,1.270404341,11.70758463,0.723635931,57.88055346,1.319787461,1.380010023,27.74379006,7,3,9,0.646341088,First-year turtles,0.974680127,5170,no,oviparous,fw_benthic,carnivore,semiaquatic,freshwater,9,ecto,,,,0.000289444,LC,stable,Chelydra_serpentina,Litzgus_et al 2003,,,
Chen_caerulescens,Aves,5.617977528,2,0.278008787,6.744526048,1.111308709,2.711357853,5.617977528,5,17,25,0.546106702,1 year,1.100008787,2630.75,yes,viviparous,volant,herbivore,terrestrial,terrestrial,25,endo,,,,0.002645051,LC,increasing,Chen_caerulescens,from mcNAb its 27.9 kj/h for a 2930g,,,
Chrysemys_picta,Reptilia,3.632286074,7,0.095090785,8.406164491,1.101446006,1.338797492,3.228284518,36,12,13,0.918419166,0 years,0.792435374,371.8,no,oviparous,fw_benthic,omnivore,benthic,freshwater,36,ecto,,,,0.000243137,LC,stable,Chrysemys_picta,Litzgus_et al 2003,,,
Ciconia_ciconia,Aves,3.429683488,2,0.740924462,4.801993776,1.568587455,2.609372175,5.986507461,2,14,23,0.557849705,Juvenile,1.337240153,3350,yes,oviparous,volant,carnivore_scavanger,terrestrial,terrestrial,23,endo,,,,,LC,increasing,Ciconia_ciconia,,,,
Clemmys_guttata,Reptilia,4.357072484,6.926108374,0.285784321,27.76723379,1.900550549,3.757661432,28.57142857,3,16,47,0.210517261,Egg / Hatchling,1.023812388,165.4,no,oviparous,fw_benthic,omnivore,benthic,freshwater,47,ecto,,,,,E,decreasing,Clemmys_guttata,,,,
Coragyps_atratus,Aves,10.03574568,5,0.215727014,11.39994652,1.098142868,3.239721331,10.63829787,5,31,47,0.595201683,1 yr,1.111443898,2080.5,yes,viviparous,volant,scavanger,terrestrial,terrestrial,47,endo,,,,,LC,increasing,Coragyps_atratus,,,,
Coragyps_atratus,Aves,9.728716417,8,0.162582574,15.56118266,1.121277026,3.21881502,10.63829787,8,31,47,0.602046881,1 yr,1.056590586,2080.5,yes,viviparous,volant,scavanger,terrestrial,terrestrial,47,endo,,,,,LC,increasing,Coragyps_atratus,,,,
Crocodylus_johnsoni,Reptilia,2.304204539,8.954306477,0.45287814,17.07032338,2.052629354,3.013776561,9.414602049,5,12,25,0.302413062,Hatchling,1.007514216,19500,yes,oviparous,semiaquatic,carnivore,benthic,freshwater,25,ecto,,,0.0261,0.000138488,LC,stable,Crocodylus_johnsoni,Christian et al 1996,,,
Crocodylus_johnsoni,Reptilia,3.086252736,10.52859209,0.423071831,18.97704041,2.139544042,3.3668294,10.42685505,5,17,34,0.27152655,Hatchling,1.038032102,19500,yes,oviparous,semiaquatic,carnivore,benthic,freshwater,34,ecto,,,0.0261,0.000138488,LC,stable,Crocodylus_johnsoni,SMR from biggest 3 indaviduals in Gienger,,,
Crocodylus_johnsoni,Reptilia,1.860111348,8.379476269,0.408645666,17.60350239,1.92070012,2.688406296,8.829400491,5,8,19,0.324199949,Hatchling,0.951630835,19500,yes,oviparous,semiaquatic,carnivore,benthic,freshwater,19,ecto,,,0.0261,0.000138488,LC,stable,Crocodylus_johnsoni,SMR from biggest 3 indaviduals in Gienger,,,
Cryptophis_nigrescens,Reptilia,2.19140625,3,0.623581305,5.378963177,1.52640849,2.087709312,3.90625,3,9,14,0.564166045,Age 1,1.124037767,1465.5,no,viviparous,terrestrial,carnivore,terrestrial,terrestrial,14,ecto,,,,,NA,NA,Cryptophis_nigrescens,,,,
Cyprinus_carpio,Actinopterygii,2.831658291,2,0.906440404,4.751880217,1.600583209,2.537061092,3.663316583,5,11,18,0.455937186,Age 1,1.463710152,542.57,no,oviparous,fw_river,omnivore,river,freshwater,18,ecto,,,,9.94E-05,NA,NA,Cyprinus_carpio, et al  Ecological Influences and Morphological Correlates of Resting and Maximal Metabolic Rates across Teleost Fish Species,mmmm,,
Drymarchon_couperi,Reptilia,1.866021311,2,0.390497153,5.554760942,1.543423583,2.095747628,2.995577,3,7,12,0.477450713,First year,0.905612237,7118,no,oviparous,terrestrial,carnivore,terrestrial,terrestrial,12,ecto,,,,,LC,decreasing,Drymarchon_couperi,,,,
Eidolon_helvum,Mammalia,3.529411765,2,0.500260201,5.386639605,1.535511018,2.576317417,5.882352941,3,14,23,0.572816293,Juvenile,1.157363755,280.43,yes,viviparous,volant,herbivore,arboreal,terrestrial,23,endo,,,,,NT,decreasing,Eidolon_helvum,,,,
Elephas_maximus,Mammalia,34.65149205,16,0.079973977,31.73154512,0.644295898,3.903659652,35.17035489,60,72,87,0.538103339,1 year ,1.052670522,3220000,yes,viviparous,terrestrial,herbivore,terrestrial,terrestrial,87,endo,,,,0.000636302,E,decreasing,Elephas_maximus,Genoud et al Comparative analyses of basal rate of metabolism in mammals: data selection does matter,,,
Emydura_macquarii,Reptilia,1.020264565,5.095975232,0.864676752,54.53457748,0.719703877,0,18.18181818,3,2,2,0.666666667,Egg / Hatchling,0.948952494,1740,no,oviparous,fw_benthic,carnivore,benthic,freshwater,3,ecto,,,,,NA,NA,Emydura_macquarii,,,,
Emydura_macquarii,Reptilia,1.182381086,5.095975232,0.79274887,27.64581191,1.099397578,1.568125368,18.18181818,3,2,7,0.392673014,Egg / Hatchling,0.9764022,1740,no,oviparous,fw_benthic,carnivore,benthic,freshwater,7,ecto,,,,,NA,NA,Emydura_macquarii,,,,
Esox_lucius,Actinopterygii,1.000766117,4,1.373627712,6.19182271,0.694843751,2.016780578,3.107147172,16,2,2,0.626319722,Egg,1.374341297,1073.82,no,oviparous,fw_pelagic,carnivore,pelagic,freshwater,16,ecto,,,,0.000185149,LC,stable,Esox_lucius,"I used 15 C temp for Armstrong et al. (1992) from Table 1 in Armstrong and Hawkins Standard metabolic rate of pike, Esox lucius: variation among studies and implications for energy flow modelling",check,,
Falco_naumanni,Aves,2.171487603,2,0.738867404,3.825392255,1.454073624,1.990114349,3.443526171,2,8,13,0.577739018,Yearlings,1.225808004,152.5,yes,oviparous,volant,carnivore,terrestrial,terrestrial,13,endo,,,,,LC,stable,Falco_naumanni,,,,
Falco_peregrinus,Aves,2.314073632,2,0.286636353,10.06237377,1.87001571,2.711890492,5.837837838,5,11,21,0.448293593,Juvenile,0.9368276,827.25,yes,oviparous,volant,carnivore,aerial,terrestrial,21,endo,,,,,LC,stable,Falco_peregrinus,,,,
Falco_peregrinus,Aves,3.3664,3,0.334202803,6.738991857,1.471985729,2.410149773,5,3,12,20,0.583020767,< 1 yr old ,1.028699321,827.25,yes,oviparous,volant,carnivore,aerial,terrestrial,20,endo,,,,,LC,stable,Falco_peregrinus,,,,
Forpus_passerinus,Aves,1.845429565,2.449030302,0.188544085,8.224500551,1.186336463,1.595267295,2.258747622,2,6,8,0.522437846,Nonbreeders,1.027553962,24,yes,oviparous,volant,herbivore,terrestrial,terrestrial,8,endo,,,,,LC,decreasing,Forpus_passerinus,,,,
Fulmarus_glacialis,Aves,12.25882353,9,0.045353729,23.24799641,0.99689267,3.334569038,11.76470588,9,36,54,0.611904125,1 year,0.962333143,785,yes,oviparous,volant,carnivore-scavanger,pelagic,marine,54,endo,755.4,1444.5,1.91223193,0.00524649,LC,increasing,Fulmarus_glacialis,from mcNAb its 13.75 kj/h for a 728g,,,
Gavia_immer,Aves,3.3125,1,0.300877705,14.85086284,2.123169964,3.276648176,3.3125,2,18,37,0.453124242,Juvenile,0.999656558,4400,yes,oviparous,volant,omnivore,semiaquatic,freshwater,37,endo,,,,,LC,stable,Gavia_immer,,,,
Gavia_immer,Aves,3.25,1,0.336666667,14.14752494,2.136307346,3.276648176,3.25,2,18,37,0.453124242,Juvenile,1.009999916,4400,yes,oviparous,volant,omnivore,semiaquatic,freshwater,37,endo,,,,,LC,stable,Gavia_immer,,,,
Gavia_immer,Aves,3.375,1,0.260884975,15.79206698,2.119146547,3.289989219,3.375,2,19,38,0.461730151,Juvenile,0.988156255,4400,yes,oviparous,volant,omnivore,semiaquatic,freshwater,38,endo,,,,,LC,stable,Gavia_immer,,,,
Genypterus_blacodes,Actinopterygii,5.680320902,5,0.241619309,8.713408279,0.875680745,2.494554517,5.464480874,5,15,23,0.604589512,3 yrs recruits,1.079855818,5482,no,oviparous,m_benthic,carnivore,bathydemersal,marine,23,ecto,,,,,NA,NA,Genypterus_blacodes,,,,
Genypterus_blacodes,Actinopterygii,5.437065716,5,0.244393629,6.468133795,0.518402875,1.654839759,2.376957494,6,10,14,0.719472964,3 yrs recruits,1.085446532,5482,no,oviparous,m_benthic,carnivore,bathydemersal,marine,14,ecto,,,,,NA,NA,Genypterus_blacodes,,,,
Gorilla_beringei,Mammalia,41.36021515,10,0.05184506,38.8165862,1.013682711,4.690362898,42.88608798,11,127,196,0.586583524,0 yrs,1.026826663,139842,yes,viviparous,terrestrial,herbivore,terrestrial,terrestrial,196,endo,,,,,CE,decreasing,Gorilla_beringei,,,,
Gyps_coprotheres,Aves,8.91954023,4,0.190568784,11.90403766,1.275213057,3.317123052,11.49425287,5,31,49,0.580221522,1 year,1.063427439,7862,yes,oviparous,volant,scavanger,terrestrial,terrestrial,49,endo,,,,,E,decreasing,Gyps_coprotheres,,,,
Haliaeetus_albicilla,Aves,5.856288134,5,0.11376118,12.09505895,1.204336356,2.845364641,6.117209457,37,19,32,0.651490743,A1 - fledglings,0.947612288,4793,yes,oviparous,volant,carnivore-scavanger,pelagic,terrestrial,37,endo,,,,,LC,increasing,Haliaeetus_albicilla,,,,
Haliaeetus_albicilla,Aves,5.172622205,5,0.238281487,10.33330825,1.3110656,2.863393292,6.117209457,37,18,30,0.645488068,A1 - Fledglings,1.03996068,4793,yes,oviparous,volant,carnivore-scavanger,pelagic,terrestrial,37,endo,,,,,LC,increasing,Haliaeetus_albicilla,,,,
Haliotis_laevigata,Gastropoda,3.844169307,3.511683498,1.536112991,8.114103462,2.174802066,3.54892528,14.51666872,7,22,45,0.393491191,< 8 mm shell length,1.878544062,45.7,no,oviparous,sessile,herbivore,benthic,marine,45,ecto,,,,,NA,NA,Haliotis_laevigata,,,,
Haliotis_rufescens,Gastropoda,1.739945018,4.199456753,0.574734355,9.183190615,1.266541378,1.758645658,2.966497608,8,5,9,0.442435065,25-50 mm shell length,1.000003102,579.3206336,no,oviparous,sessile,herbivore,benthic,marine,9,ecto,,,,,NA,NA,Haliotis_rufescens,,,,
Himantopus_novaezelandiae,Aves,1.823236515,3,0.231476793,6.177005709,1.38348853,1.715825353,2.904564315,3,6,10,0.575703114,Juvenile,0.773443766,161,yes,oviparous,volant,carnivore,semiaquatic,freshwater,10,endo,,,,,CE,increasing,Himantopus_novaezelandiae,,,,
Hippocamelus_bisulcus,Mammalia,15.22666667,3,0.079818748,17.17981838,1.099614978,3.718728054,16.66666667,3,48,74,0.585940759,Yearlings  (1 yr),1.013037936,69620.405,yes,viviparous,terrestrial,herbivore,terrestrial,terrestrial,74,endo,,,,,E,decreasing,Hippocamelus_bisulcus,,,,
Hippocamelus_bisulcus,Mammalia,7.218666667,3,0.078383243,10.42584164,1.006357049,2.758868892,6.666666667,3,21,30,0.608814329,Yearlings  (1 yr),0.935624282,69620.405,yes,viviparous,terrestrial,herbivore,terrestrial,terrestrial,30,endo,,,,,E,decreasing,Hippocamelus_bisulcus,,,,
Hippocamelus_bisulcus,Mammalia,7.218666667,3,0.170173169,8.117182293,1.006357049,2.758868892,6.666666667,3,21,30,0.608814329,Yearlings  (1 yr),1.033524461,69620.405,yes,viviparous,terrestrial,herbivore,terrestrial,terrestrial,30,endo,,,,,E,decreasing,Hippocamelus_bisulcus,,,,
Hirundo_rustica,Aves,1.311428626,2,0.744369608,2.922127929,1.063021454,1.202531621,1.907632437,2,4,6,0.572442129,Juvenile,0.983650441,19,yes,oviparous,volant,insectivore,aerial,terrestrial,6,endo,20.5,120.59,5.882439024,0.016304348,LC,decreasing,Hirundo_rustica,from mcNAb its 1.08 kj/h for a 18.4g,,,
Homo_sapiens,Mammalia,64.62558284,17,0.040074192,32.05387771,0.246093468,3.216634339,53.11829555,100,94,90,0.784684529,baby,1.033024103,62035,yes,viviparous,terrestrial,omnivore,terrestrial,terrestrial,94,endo,,,,0.00117135,LC,increasing,Homo_sapiens,,,,
Homo_sapiens,Mammalia,74.04070941,17,0.043147426,30.5451869,0.147581406,3.21204008,59.30521604,100,95,92,0.79021246,baby,1.039856798,62035,yes,viviparous,terrestrial,omnivore,terrestrial,terrestrial,95,endo,,,,0.00117135,LC,increasing,Homo_sapiens,,,,
Homo_sapiens,Mammalia,50.67224195,17,0.047134224,32.90757829,0.461184234,3.2878411,47.90664034,100,92,87,0.761450235,baby,1.031896193,62035,yes,viviparous,terrestrial,omnivore,terrestrial,terrestrial,92,endo,,,,0.00117135,LC,increasing,Homo_sapiens,,,,
Homo_sapiens,Mammalia,77.40270741,16,0.02891139,27.84081597,0.128050789,3.137976263,63.24795461,100,97,94,0.813861085,baby,1.023857069,62035,yes,viviparous,terrestrial,omnivore,terrestrial,terrestrial,97,endo,,,,0.00117135,LC,increasing,Homo_sapiens,,,,
Homo_sapiens,Mammalia,62.21909612,18,0.039825937,30.04421101,0.28302777,3.160423368,51.77375364,100,93,89,0.79928044,baby,1.031278422,62035,yes,viviparous,terrestrial,omnivore,terrestrial,terrestrial,93,endo,,,,0.00117135,LC,increasing,Homo_sapiens,,,,
Homo_sapiens,Mammalia,74.98617668,19,0.027849217,28.40358352,0.138928618,2.897282559,58.08947531,100,96,92,0.850551407,baby,1.022024819,62035,yes,viviparous,terrestrial,omnivore,terrestrial,terrestrial,96,endo,,,,0.00117135,LC,increasing,Homo_sapiens,,,,
Hoplocephalus_bungaroides,Reptilia,3.17313587,6,0.375546326,9.978478538,1.586585404,2.394467822,5.434782609,6,12,20,0.581082766,Age 1 year,1.044102008,279,no,viviparous,terrestrial,carnivore,terrestrial,terrestrial,20,ecto,,,,,V,NA,Hoplocephalus_bungaroides,,,,
Isurus_oxyrinchus,Elasmobranchii,9.164098837,11.80813751,0.191720402,16.65754414,1.090404988,3.495144633,7.8125,8,28,43,0.39013101,Neonates,1.080527293,208088.8,no,viviparous,m_pelagic,carnivore,pelagic,marine,43,ecto,,,,0.000519422,V,decreasing,Isurus_oxyrinchus,"Uses mg Sepulveda et al. Aerobic metabolic rates of swimming juvenile mako sharks, Isurus oxyrinchus",,,
Isurus_oxyrinchus,Elasmobranchii,9.164098837,11.80813751,0.164025722,17.43471304,1.090404988,3.494117758,7.8125,9,28,43,0.390661303,Neonates,1.053386647,208088.8,no,viviparous,m_pelagic,carnivore,pelagic,marine,43,ecto,,,,0.000519422,V,decreasing,Isurus_oxyrinchus,"Uses mg Sepulveda et al. Aerobic metabolic rates of swimming juvenile mako sharks, Isurus oxyrinchus",,,
Jynx_torquilla,Aves,1.620745543,1,0.62302,4.257356573,1.047789934,1.030477769,1.620745543,2,5,6,0.640267732,Juvenile,1.00602,35.86666667,yes,oviparous,volant,insectivore,terrestrial,terrestrial,6,endo,,,,0.011268344,LC,decreasing,Jynx_torquilla,from mcNAb its 1.29 kj/h for a 31.8g,,,
Kinosternon_flavescens,Reptilia,1.948824796,12,0.521337901,29.00416483,2.618235123,3.82476792,19.16844013,73,4,28,0.517676182,0 years old,1.002024162,331.15,no,oviparous,semiaquatic,omnivore,semiaquatic,freshwater,73,ecto,,,,,LC,stable,Kinosternon_flavescens,,,,
Kinosternon_integrum,Reptilia,2.228131191,6.123486683,0.299959023,11.62938829,1.452221999,2.247229538,4.545454545,5,7,13,0.370427737,Hatchling (plastron length < 6 cm),0.893415632,474.4,no,oviparous,semiaquatic,omnivore,semiaquatic,freshwater,13,ecto,,,,,LC,stable,Kinosternon_integrum,,,,
Kinosternon_integrum,Reptilia,1.05018357,5.843564001,0.344878758,38.20240272,0.759696314,0.626275791,9.462915601,5,2,3,0.672314285,Hatchling (plastron length < 6 cm),0.830902186,474.4,no,oviparous,semiaquatic,omnivore,semiaquatic,freshwater,5,ecto,,,,,LC,stable,Kinosternon_integrum,,,,
Kinosternon_integrum,Reptilia,1.50495889,5.947714315,0.335661754,15.79388064,1.230123051,1.524341409,6.153846154,5,4,8,0.50482871,Hatchling (plastron length < 6 cm),0.829448081,474.4,no,oviparous,semiaquatic,omnivore,semiaquatic,freshwater,8,ecto,,,,,LC,stable,Kinosternon_integrum,,,,
Kinosternon_subrubrum,Reptilia,2.120891375,5,0.379557008,12.61749453,2.081305173,2.946029538,7.961714457,38,9,21,0.626579811,Age 0 years,0.960419381,154.7,no,oviparous,semiaquatic,carnivore,benthic,freshwater,38,ecto,,,,0.000309444,LC,NA,Kinosternon_subrubrum,Litzgus_et al 2003,,,
Kinosternon_subrubrum,Reptilia,1.305011072,5,0.363373741,12.52707529,1.424016668,2.619893946,7.143794712,23,3,7,0.532832198,Age 0 years,0.81154826,154.7,no,oviparous,semiaquatic,carnivore,benthic,freshwater,23,ecto,,,,0.000309444,LC,NA,Kinosternon_subrubrum,Litzgus_et al 2003,,,
Kinosternon_subrubrum,Reptilia,3.735672273,5,0.38153403,10.6248809,1.797525162,2.994382241,8.020393927,47,17,29,0.685806344,Age 0 years,1.065653154,154.7,no,oviparous,semiaquatic,carnivore,benthic,freshwater,47,ecto,,,,0.000309444,LC,NA,Kinosternon_subrubrum,Litzgus_et al 2003,,,
Lagopus_leucura,Aves,1.441718062,1,0.634586666,4.637721325,1.108053093,1.216656059,1.441718062,2,5,7,0.632692848,Juvenile,0.945895058,351,yes,oviparous,volant,herbivore,terrestrial,terrestrial,7,endo,368.3,326,0.885147977,,LC,decreasing,Lagopus_leucura,from mcNAb its 8.5 kj/h for a 326g,,,
Lagopus_leucura,Aves,1.49693282,1,0.613755535,4.408947677,1.116978142,1.216656059,1.49693282,2,5,7,0.632692848,Juvenile,0.949799251,351,yes,oviparous,volant,herbivore,terrestrial,terrestrial,7,endo,368.3,326,0.885147977,,LC,decreasing,Lagopus_leucura,from mcNAb its 8.5 kj/h for a 326g,,,
Lagopus_muta,Aves,1.898304999,1,0.502142873,4.342605709,1.309717378,1.642112827,1.898304999,2,6,10,0.611787226,Juvenile,0.978851601,521,yes,oviparous,volant,herbivore,terrestrial,terrestrial,10,endo,,,,,LC,decreasing,Lagopus_muta,,,,
Lagopus_muta,Aves,1.68644126,1,0.368731312,4.582239799,1.310476201,1.610687869,1.68644126,2,6,9,0.579368331,Juvenile,0.824909479,521,yes,oviparous,volant,herbivore,terrestrial,terrestrial,9,endo,,,,,LC,decreasing,Lagopus_muta,,,,
Lagopus_muta,Aves,2.760454706,1,0.465524158,3.841516729,1.014725027,1.486285098,2.760454706,6,7,9,0.629336109,1 year,1.115183899,521,yes,oviparous,volant,herbivore,terrestrial,terrestrial,9,endo,,,,,LC,decreasing,Lagopus_muta,,,,
Lontra_canadensis,Mammalia,3.119719149,2,0.3387595,5.75615556,1.420180482,2.327885852,3.544680851,3,11,17,0.545528116,Juvenile (< 1 year old),1.015209774,8087.42,yes,viviparous,semiaquatic,carnivore,semiaquatic,freshwater,17,endo,7.842,4738,604.1826065,,LC,stable,Lontra_canadensis,,,,
Lycalopex_culpaeus,Mammalia,3.916666667,2,0.553195622,4.116532601,1.201268883,2.242362949,4.166666667,3,12,18,0.610545957,Juveniles,1.287413908,13000,yes,viviparous,terrestrial,carnivore,terrestrial,terrestrial,18,endo,,,,0.002097434,LC,stable,Lycalopex_culpaeus,Genoud et al Comparative analyses of basal rate of metabolism in mammals: data selection does matter,,,
Macaca_mulatta,Mammalia,22.21068364,4,0.19354832,14.60672395,1.050927058,4.087809343,23.6,5,69,106,0.581634804,Infants (0 yrs),1.140754698,6614,yes,viviparous,arboreal,herbivore,semiarboreal,terrestrial,106,endo,,,,0.001952024,LC,NA,Macaca_mulatta,Genoud et al Comparative analyses of basal rate of metabolism in mammals: data selection does matter,,,
Macaca_mulatta,Mammalia,18.44631321,4,0.191409361,13.38919568,1.027710206,3.864169139,18.94339623,5,56,86,0.587799814,Infants (0 yrs),1.133183698,6614,yes,viviparous,arboreal,herbivore,semiarboreal,terrestrial,86,endo,,,,0.001952024,LC,NA,Macaca_mulatta,Genoud et al Comparative analyses of basal rate of metabolism in mammals: data selection does matter,,,
Macaca_mulatta,Mammalia,28.44624829,4,0.19586001,16.16726604,1.076090073,4.372500031,31.3125,5,91,140,0.578967337,Infants (0 yrs),1.148513643,6614,yes,viviparous,arboreal,herbivore,semiarboreal,terrestrial,140,endo,,,,0.001952024,LC,NA,Macaca_mulatta,Genoud et al Comparative analyses of basal rate of metabolism in mammals: data selection does matter,,,
Macaca_mulatta,Mammalia,6.98975666,3,0.175605361,9.884201037,1.147192906,2.987204733,7.540319694,6,22,33,0.546406685,1 year (juvenile),1.030806207,6614,yes,viviparous,arboreal,herbivore,semiarboreal,terrestrial,33,endo,,,,0.001952024,LC,NA,Macaca_mulatta,Genoud et al Comparative analyses of basal rate of metabolism in mammals: data selection does matter,,,
Macaca_mulatta,Mammalia,17.58875295,4,0.188846507,13.41625736,1.038003837,3.826068612,18.07272727,5,54,82,0.583579914,Infants (0 yrs),1.127297477,6614,yes,viviparous,arboreal,herbivore,semiarboreal,terrestrial,82,endo,,,,0.001952024,LC,NA,Macaca_mulatta,Genoud et al Comparative analyses of basal rate of metabolism in mammals: data selection does matter,,,
Maccullochella_peelii,Actinopterygii,3.157446757,5,0.652861996,11.21750364,1.778208784,2.949228442,7.055040126,10,13,26,0.408252432,Age 1,1.240325892,2594.72,yes,oviparous,fw_river,carnivore,river,freshwater,26,ecto,,,,6.47E-05,CE,NA,Maccullochella_peelii,16.1_O2_umol_min_kg converted to grams using 16g per ,,,
Macquaria_ambigua,Actinopterygii,2.768875,3,0.710319889,6.01936257,1.588244813,2.435328856,4.25,4,10,18,0.516254714,Age 1,1.290815297,3821.53,no,oviparous,fw_river,carnivore,river,freshwater,18,ecto,,,,,NA,NA,Macquaria_ambigua,,,,
Macropus_eugenii,Mammalia,2.87366548,1,0.273928482,4.674721271,1.249919783,1.926381992,2.87366548,2,9,13,0.605096292,Young adults (1 year),0.931481548,5037.24,yes,viviparous,terrestrial,herbivore,terrestrial,terrestrial,13,endo,4805,1223.7,0.254672216,0.001617668,LC,stable,Macropus_eugenii,White&Seymour03PNAS,,,
Macropus_eugenii,Mammalia,3.117647059,1,0.330929523,4.763616962,1.264776965,2.049924392,3.117647059,2,10,15,0.613845746,Young adults (1 year),1.009345209,5037.24,yes,viviparous,terrestrial,herbivore,terrestrial,terrestrial,15,endo,4805,1223.7,0.254672216,0.001617668,LC,stable,Macropus_eugenii,White&Seymour03PNAS,,,
Macropus_eugenii,Mammalia,2.822580645,1,0.214382756,4.924108598,1.266136659,1.932914801,2.822580645,2,9,13,0.602399436,Young adults (1 year),0.873711482,5037.24,yes,viviparous,terrestrial,herbivore,terrestrial,terrestrial,13,endo,4805,1223.7,0.254672216,0.001617668,LC,stable,Macropus_eugenii,White&Seymour03PNAS,,,
Macropus_eugenii,Mammalia,2.718446602,1,0.280249644,4.443525865,1.227801285,1.817881674,2.718446602,2,8,12,0.61602273,Young adults (1 year),0.916531513,5037.24,yes,viviparous,terrestrial,herbivore,terrestrial,terrestrial,12,endo,4805,1223.7,0.254672216,0.001617668,LC,stable,Macropus_eugenii,White&Seymour03PNAS,,,
Malaclemys_terrapin,Reptilia,1.998127978,3.748251748,0.626599897,9.864263642,1.868915679,2.783728569,8.849557522,3,7,20,0.3342962,Hatchling,1.068229161,803,no,oviparous,fw_benthic,carnivore,benthic,freshwater,20,ecto,,,,,LR,NA,Malaclemys_terrapin,,,,
Marmota_flaviventris,Mammalia,2.475104166,2,0.223688922,4.11503953,1.130976574,1.673123611,2.772752191,10,7,10,0.592575807,0-1 yrs,0.813626656,3709.73,yes,viviparous,semifossorial,herbivore,semifossorial,terrestrial,10,endo,3190,2430,0.761755486,0.002,LC,stable,Marmota_flaviventris,White et al06BiolLett,,,
Marmota_flaviventris,Mammalia,2.073153248,2,0.418227397,4.223891626,1.346666045,1.89119339,1.909525353,10,6,10,0.471114123,0-1 yrs,0.938445015,3709.73,yes,viviparous,semifossorial,herbivore,semifossorial,terrestrial,10,endo,3190,2430,0.761755486,0.002,LC,stable,Marmota_flaviventris,White et al06BiolLett,,,
Marmota_flaviventris,Mammalia,2.031735635,2,0.283222215,4.154858583,1.266153625,1.74894466,2.218786313,10,6,10,0.554015263,0-1 yrs,0.803370106,3709.73,yes,viviparous,semifossorial,herbivore,semifossorial,terrestrial,10,endo,3190,2430,0.761755486,0.002,LC,stable,Marmota_flaviventris,White et al06BiolLett,,,
Marmota_flaviventris,Mammalia,2.091482369,2,0.249997455,3.989954516,1.255066865,1.595266339,1.732511696,10,6,9,0.624580977,0-1 yrs,0.760540866,3709.73,yes,viviparous,semifossorial,herbivore,semifossorial,terrestrial,10,endo,3190,2430,0.761755486,0.002,LC,stable,Marmota_flaviventris,White et al06BiolLett,,,
Marmota_flaviventris,Mammalia,2.092667532,2,0.275587853,3.586371671,1.201387297,1.578971185,1.910257923,10,6,9,0.633208529,0-1 yrs,0.791652064,3709.73,yes,viviparous,semifossorial,herbivore,semifossorial,terrestrial,10,endo,3190,2430,0.761755486,0.002,LC,stable,Marmota_flaviventris,White et al06BiolLett,,,
Marmota_flaviventris,Mammalia,2.464925967,2,0.257129846,4.347568327,1.147546471,1.763441912,2.753620238,4,7,10,0.551772146,Juvenile (0-1 year),0.852064514,3709.73,yes,viviparous,semifossorial,herbivore,semifossorial,terrestrial,10,endo,3190,2430,0.761755486,0.002,LC,stable,Marmota_flaviventris,White et al06BiolLett,,,
Marmota_flaviventris,Mammalia,2.370322318,2,0.4003036,6.333436031,1.457220529,2.369808865,2.928039141,4,8,14,0.392031745,Juvenile (0-1 year),0.983320711,3709.73,yes,viviparous,semifossorial,herbivore,semifossorial,terrestrial,14,endo,3190,2430,0.761755486,0.002,LC,stable,Marmota_flaviventris,White et al06BiolLett,,,
Marmota_flaviventris,Mammalia,2.161802128,2,0.442679372,5.019185361,1.390821266,2.091107121,2.067263573,4,7,11,0.419143651,Juvenile (0-1 year),0.982260803,3709.73,yes,viviparous,semifossorial,herbivore,semifossorial,terrestrial,11,endo,3190,2430,0.761755486,0.002,LC,stable,Marmota_flaviventris,White et al06BiolLett,,,
Marmota_flaviventris,Mammalia,2.052106795,2,0.315869524,4.904963765,1.290633206,1.915103374,2.262595259,4,6,10,0.469983628,Juvenile (0-1 year),0.849895079,3709.73,yes,viviparous,semifossorial,herbivore,semifossorial,terrestrial,10,endo,3190,2430,0.761755486,0.002,LC,stable,Marmota_flaviventris,White et al06BiolLett,,,
Marmota_flaviventris,Mammalia,2.582966576,2,0.387891824,5.730368461,1.562736615,2.31553426,3.015174431,4,10,16,0.520464288,Juvenile (0-1 year),1.000564081,3709.73,yes,viviparous,semifossorial,herbivore,semifossorial,terrestrial,16,endo,3190,2430,0.761755486,0.002,LC,stable,Marmota_flaviventris,White et al06BiolLett,,,
Marmota_flaviventris,Mammalia,2.755829162,2,0.380560008,5.340751388,1.41632899,2.287946096,2.892634534,4,9,15,0.496676669,Juvenile (0-1 year),1.015368076,3709.73,yes,viviparous,semifossorial,herbivore,semifossorial,terrestrial,15,endo,3190,2430,0.761755486,0.002,LC,stable,Marmota_flaviventris,White et al06BiolLett,,,
Marmota_flaviventris,Mammalia,2.06811088,2,0.276577579,6.15262336,1.236159063,1.961329091,1.695414095,4,6,9,0.352707531,Juvenile (0-1 year),0.80616011,3709.73,yes,viviparous,semifossorial,herbivore,semifossorial,terrestrial,9,endo,3190,2430,0.761755486,0.002,LC,stable,Marmota_flaviventris,White et al06BiolLett,,,
Marmota_flaviventris,Mammalia,2.166755887,2,0.248748051,3.873953688,1.145842319,1.556970247,2.03978302,4,6,9,0.602260931,Juvenile (0-1 year),0.783275883,3709.73,yes,viviparous,semifossorial,herbivore,semifossorial,terrestrial,9,endo,3190,2430,0.761755486,0.002,LC,stable,Marmota_flaviventris,White et al06BiolLett,,,
Marmota_flaviventris,Mammalia,2.292516506,2,0.347358257,5.017059841,1.323829649,2.032609001,2.371046101,4,7,11,0.458590064,Juvenile (0-1 year),0.92054137,3709.73,yes,viviparous,semifossorial,herbivore,semifossorial,terrestrial,11,endo,3190,2430,0.761755486,0.002008617,LC,stable,Marmota_flaviventris,White et al06BiolLett,,,
Martes_pennanti,Mammalia,2.98943662,3,0.217291112,6.2064943,1.295033062,2.046696412,3.521126761,5,10,15,0.611560213,Juvenile,0.89670034,3175,yes,viviparous,terrestrial,carnivore,terrestrial,terrestrial,15,endo,,,,,LC,NA,Martes_pennanti,,,,
Milvus_migrans,Aves,2.908416778,1,0.410114084,6.671929916,1.492241905,2.49002761,2.908416778,12,12,17,0.446803179,1 year,1.048670594,828.5,yes,oviparous,volant,carnivore-scavanger,terrestrial,terrestrial,17,endo,,,,,LC,NA,Milvus_migrans,,,,
Mirounga_leonina,Mammalia,5.422480503,6,0.166409406,11.58585118,1.21741897,2.646038493,6.289308176,6,17,27,0.60808831,< 1 year (pup),0.983466378,1400000,yes,viviparous,m_pelagic,carnivore,mesopelagic,marine,27,endo,,,,,LC,stable,Mirounga_leonina,,0,,
Mustela_erminea,Mammalia,1.128,1,0.36431402,4.499553691,0.886426357,1.242605615,1.128,3,3,5,0.427118644,0 yrs,0.586456715,110.33,yes,viviparous,semifossorial,carnivore,semifossorial,terrestrial,5,endo,,,,0.00825381,LC,stable,Mustela_erminea,White et al06BiolLett,,,
Mustela_erminea,Mammalia,1.672,1,0.320773461,3.853333733,1.182266575,1.36689075,1.672,3,5,8,0.628856252,0 yrs,0.748471408,110.33,yes,viviparous,semifossorial,carnivore,semifossorial,terrestrial,8,endo,,,,0.00825381,LC,stable,Mustela_erminea,White et al06BiolLett,,,
Mustela_erminea,Mammalia,1.5198,1,0.933032018,5.802769513,1.151130632,1.346079622,1.5198,3,5,7,0.580534096,0 yrs,1.258461515,110.33,yes,viviparous,semifossorial,carnivore,semifossorial,terrestrial,7,endo,,,,0.008253968,LC,stable,Mustela_erminea,White et al06BiolLett,,,
Mya_arenaria,Bivalvia,3.567621341,2,2.103822435,5.738786144,2.048510666,3.335308918,12.96778455,8,20,37,0.410101677,0 yrs,2.387035991,74,no,oviparous,sessile,filter-feeding,benthic,marine,37,ecto,,,,,NA,NA,Mya_arenaria,A further study of the respiratory processes in Mya arenaria and other marine mollusca,,,
Nuttallia_obscurata,Bivalvia,1.678321792,2.020408163,0.191843033,10.32392025,1.456757509,2.193955594,2.804666547,5,6,11,0.324487572,< 20 mm,0.784593021,9.542072,no,oviparous,sessile,filter-feeding,benthic,marine,11,ecto,,,,,NA,NA,Nuttallia_obscurata,,,,
Odocoileus_virginianus,Mammalia,1.342096774,2,0.330861622,7.094736906,1.35190909,1.883107876,3.258064516,3,4,9,0.420119108,Fawn (0-1 years old),0.788193151,65320,yes,viviparous,terrestrial,herbivore,terrestrial,terrestrial,9,endo,,,,0.001394455,LC,stable,Odocoileus_virginianus,Genoud et al Comparative analyses of basal rate of metabolism in mammals: data selection does matter,,,
Odocoileus_virginianus,Mammalia,1.690120603,2,0.383469312,7.6676438,1.68780517,2.299955446,4.894472362,3,7,14,0.449024224,Fawn (0-1 years old),0.902224971,65320,yes,viviparous,terrestrial,herbivore,terrestrial,terrestrial,14,endo,,,,0.001394455,LC,stable,Odocoileus_virginianus,Genoud et al Comparative analyses of basal rate of metabolism in mammals: data selection does matter,,,
Odocoileus_virginianus,Mammalia,2.300068493,2,0.440602244,7.943677392,1.870567138,2.679661133,7.02739726,3,11,21,0.469328001,Fawn (0-1 years old),1.002757603,65320,yes,viviparous,terrestrial,herbivore,terrestrial,terrestrial,21,endo,,,,0.001394455,LC,stable,Odocoileus_virginianus,Genoud et al Comparative analyses of basal rate of metabolism in mammals: data selection does matter,,,
Odocoileus_virginianus,Mammalia,1.513919598,2,0.345035863,8.877104493,1.634266461,2.268028398,4.894472362,3,6,13,0.417280857,Fawn (0-1 years old),0.868178258,65320,yes,viviparous,terrestrial,herbivore,terrestrial,terrestrial,13,endo,,,,0.001394455,LC,stable,Odocoileus_virginianus,Genoud et al Comparative analyses of basal rate of metabolism in mammals: data selection does matter,,,
Odocoileus_virginianus,Mammalia,1.811792899,2,0.388499187,8.488854271,1.80900799,2.491448646,5.75739645,3,8,17,0.452910719,Fawn (0-1 years old),0.929340989,65320,yes,viviparous,terrestrial,herbivore,terrestrial,terrestrial,17,endo,,,,0.001394455,LC,stable,Odocoileus_virginianus,Genoud et al Comparative analyses of basal rate of metabolism in mammals: data selection does matter,,,
Odocoileus_virginianus,Mammalia,2.293669065,2,0.440456781,8.250792044,1.910154051,2.72991829,6.992805755,3,11,22,0.467362195,Fawn (0-1 years old),1.002042693,65320,yes,viviparous,terrestrial,herbivore,terrestrial,terrestrial,22,endo,,,,0.001394455,LC,stable,Odocoileus_virginianus,Genoud et al Comparative analyses of basal rate of metabolism in mammals: data selection does matter,,,
Odocoileus_virginianus,Mammalia,1.690120603,2,0.347072084,8.13691977,1.68780517,2.31284694,4.894472362,3,7,14,0.439607749,Fawn (0-1 years old),0.888707454,65320,yes,viviparous,terrestrial,herbivore,terrestrial,terrestrial,14,endo,,,,0.001394455,LC,stable,Odocoileus_virginianus,Genoud et al Comparative analyses of basal rate of metabolism in mammals: data selection does matter,,,
Odocoileus_virginianus,Mammalia,2.364502959,2,0.396228377,7.232394775,1.764454265,2.546975256,5.75739645,3,11,19,0.488454324,Fawn (0-1 years old),0.98589227,65320,yes,viviparous,terrestrial,herbivore,terrestrial,terrestrial,19,endo,,,,0.001394455,LC,stable,Odocoileus_virginianus,Genoud et al Comparative analyses of basal rate of metabolism in mammals: data selection does matter,,,
Odocoileus_virginianus,Mammalia,3.200885714,2,0.452676506,6.94688983,1.74252882,2.782009219,6.942857143,3,15,25,0.512141316,Fawn (0-1 years old),1.082088662,65320,yes,viviparous,terrestrial,herbivore,terrestrial,terrestrial,25,endo,,,,0.001394455,LC,stable,Odocoileus_virginianus,Genoud et al Comparative analyses of basal rate of metabolism in mammals: data selection does matter,,,
Odocoileus_virginianus,Mammalia,1.690120603,2,0.347072084,8.13691977,1.68780517,2.31284694,4.894472362,3,7,14,0.439607749,Fawn (0-1 years old),0.888707454,65320,yes,viviparous,terrestrial,herbivore,terrestrial,terrestrial,14,endo,,,,0.001394455,LC,stable,Odocoileus_virginianus,Genoud et al Comparative analyses of basal rate of metabolism in mammals: data selection does matter,,,
Odocoileus_virginianus,Mammalia,2.633787234,2,0.400374585,7.979947189,1.846291994,2.742367431,6.893617021,3,13,23,0.486999295,Fawn (0-1 years old),1.010270027,65320,yes,viviparous,terrestrial,herbivore,terrestrial,terrestrial,23,endo,,,,0.001394455,LC,stable,Odocoileus_virginianus,Genoud et al Comparative analyses of basal rate of metabolism in mammals: data selection does matter,,,
Odocoileus_virginianus,Mammalia,4.704698795,2,0.461553571,8.812041872,1.867135178,3.322172394,11.68674699,3,23,42,0.502053625,Fawn (0-1 years old),1.130055794,65320,yes,viviparous,terrestrial,herbivore,terrestrial,terrestrial,42,endo,,,,0.001394455,LC,stable,Odocoileus_virginianus,Genoud et al Comparative analyses of basal rate of metabolism in mammals: data selection does matter,,,
Oncorhynchus_tshawytscha,Actinopterygii,1.039564672,4,0.630699626,4.78715566,0.842136807,0,1.6032,5,2,4,0.8,1 year old,0.690468994,4600,no,oviparous,m_pelagic,omnivore,benthopelagic,marine-freshwater,5,ecto,,,,,NA,NA,Oncorhynchus_tshawytscha,,,,
Oncorhynchus_tshawytscha,Actinopterygii,1.03999344,3,0.699769718,4.840762444,0.845171426,0.298204222,2.32084288,5,2,4,0.764745538,1 year old,0.753887349,4600,no,oviparous,m_pelagic,omnivore,benthopelagic,marine-freshwater,5,ecto,,,,,NA,NA,Oncorhynchus_tshawytscha,,,,
Onychogalea_fraenata,Mammalia,4.48471,4,0.504212067,6.485520915,1.164972568,2.410149773,5,4,13,21,0.602876921,EPY: early pouch young,1.302653944,5226.025,yes,viviparous,terrestrial,herbivore,terrestrial,terrestrial,21,endo,,,,,V,stable,Onychogalea_fraenata,,,,
Ovis_canadensis,Mammalia,3.281773094,3,0.147231086,10.14127652,1.467594233,2.512196284,4.959702418,5,12,19,0.502691642,Lambs,0.88873143,69125,yes,viviparous,terrestrial,herbivore,terrestrial,terrestrial,19,endo,,,,0.002007991,LC,stable,Ovis_canadensis,White&Seymour03PNAS,,,
Ovis_canadensis,Mammalia,3.521978022,3,0.121409483,11.32364575,1.489786741,2.61199598,5.494505495,5,13,21,0.504426854,Lambs,0.889728072,69125,yes,viviparous,terrestrial,herbivore,terrestrial,terrestrial,21,endo,,,,0.002007991,LC,stable,Ovis_canadensis,White&Seymour03PNAS,,,
Ovis_canadensis,Mammalia,3.114678899,3,0.093026272,11.00779495,1.453976938,2.446245254,4.587155963,5,11,18,0.508345141,Lambs,0.83858416,69125,yes,viviparous,terrestrial,herbivore,terrestrial,terrestrial,18,endo,,,,0.002007991,LC,stable,Ovis_canadensis,White&Seymour03PNAS,,,
Ovis_canadensis,Mammalia,4.56640625,3,0.141833168,12.95668755,1.554192612,2.960955643,7.8125,5,19,30,0.512228901,Lambs,0.951572349,69125,yes,viviparous,terrestrial,herbivore,terrestrial,terrestrial,30,endo,,,,0.002007991,LC,stable,Ovis_canadensis,White&Seymour03PNAS,,,
Ovis_canadensis,Mammalia,4.56640625,3,0.14954192,12.73078664,1.554192612,2.960798831,7.8125,5,19,30,0.51233965,Lambs,0.956253522,69125,yes,viviparous,terrestrial,herbivore,terrestrial,terrestrial,30,endo,,,,0.002007991,LC,stable,Ovis_canadensis,White&Seymour03PNAS,,,
Ovis_canadensis,Mammalia,2.51465798,3,0.156969279,7.928422464,1.359469328,2.119045021,3.25732899,5,8,13,0.500333724,Lambs,0.803774443,69125,yes,viviparous,terrestrial,herbivore,terrestrial,terrestrial,13,endo,,,,0.002007991,LC,stable,Ovis_canadensis,White&Seymour03PNAS,,,
Ovis_canadensis,Mammalia,2.989224138,3,0.188248838,8.8121813,1.439478281,2.387636152,4.310344828,5,11,17,0.508305782,Lambs,0.890450801,69125,yes,viviparous,terrestrial,herbivore,terrestrial,terrestrial,17,endo,,,,0.002007991,LC,stable,Ovis_canadensis,White&Seymour03PNAS,,,
Ovis_canadensis,Mammalia,3.124423963,3,0.095387996,10.95754647,1.454068438,2.448934757,4.608294931,5,11,18,0.506906837,Lambs,0.841031363,69125,yes,viviparous,terrestrial,herbivore,terrestrial,terrestrial,18,endo,,,,0.002007991,LC,stable,Ovis_canadensis,White&Seymour03PNAS,,,
Ovis_canadensis,Mammalia,3.288557214,3,0.19780952,9.339399387,1.467656764,2.513935867,4.975124378,5,12,19,0.501688812,Lambs,0.923486296,69125,yes,viviparous,terrestrial,herbivore,terrestrial,terrestrial,19,endo,,,,0.002007991,LC,stable,Ovis_canadensis,White&Seymour03PNAS,,,
Ovis_canadensis,Mammalia,10.16747573,3,0.207690931,10.46061307,1.200942091,3.385946558,12.13592233,3,34,53,0.585179766,Yearlings (~0.7-0.9 yr),1.094512414,69125,yes,viviparous,terrestrial,herbivore,terrestrial,terrestrial,53,endo,,,,0.002007991,LC,stable,Ovis_canadensis,White&Seymour03PNAS,,,
Ovis_canadensis,Mammalia,10.08774038,3,0.215868089,10.2565176,1.198141296,3.373446809,12.01923077,3,34,52,0.582269353,Yearlings (~0.7-0.9 yr),1.101165091,69125,yes,viviparous,terrestrial,herbivore,terrestrial,terrestrial,52,endo,,,,0.002007991,LC,stable,Ovis_canadensis,White&Seymour03PNAS,,,
Ovis_canadensis,Mammalia,34.90943396,3,0.222053905,14.35439016,1.054858932,4.55613185,37.73584906,3,110,170,0.583865502,Yearlings (~0.7-0.9 yr),1.181476744,69125,yes,viviparous,terrestrial,herbivore,terrestrial,terrestrial,170,endo,,,,0.002007991,LC,stable,Ovis_canadensis,White&Seymour03PNAS,,,
Ovis_canadensis,Mammalia,5.447272727,3,0.184727908,9.252221911,1.339506564,2.82907575,7.272727273,3,19,30,0.578634351,Yearlings (~0.7-0.9 yr),1.000903036,69125,yes,viviparous,terrestrial,herbivore,terrestrial,terrestrial,30,endo,,,,0.002007991,LC,stable,Ovis_canadensis,White&Seymour03PNAS,,,
Ovis_canadensis,Mammalia,8.362895005,3,0.185927432,10.28301409,1.232693225,3.200382648,10.19367992,3,28,44,0.58468267,Yearlings (~0.7-0.9 yr),1.056212031,69125,yes,viviparous,terrestrial,herbivore,terrestrial,terrestrial,44,endo,,,,0.002007991,LC,stable,Ovis_canadensis,White&Seymour03PNAS,,,
Ovis_canadensis,Mammalia,4.611688312,3,0.185132872,8.970175655,1.398858504,2.709215484,6.493506494,3,17,27,0.58478105,Yearlings (~0.7-0.9 yr),0.976171737,69125,yes,viviparous,terrestrial,herbivore,terrestrial,terrestrial,27,endo,,,,0.002007991,LC,stable,Ovis_canadensis,White&Seymour03PNAS,,,
Ovis_canadensis,Mammalia,6.002956393,3,0.195713446,8.875151791,1.265490746,2.851305193,7.390983001,3,20,31,0.583450429,Yearlings (~0.7-0.9 yr),1.024538782,69125,yes,viviparous,terrestrial,herbivore,terrestrial,terrestrial,31,endo,,,,0.002007991,LC,stable,Ovis_canadensis,White&Seymour03PNAS,,,
Pan_troglodytes,Mammalia,20.61820267,16,0.03222376,37.65188378,0.925449256,3.80809219,18.5228518,17,58,87,0.612476697,0 yrs,0.982285513,44983.5,yes,viviparous,arboreal,omnivore,semiarboreal,terrestrial,87,endo,,,,0.001494838,E,decreasing,Pan_troglodytes,Genoud et al Comparative analyses of basal rate of metabolism in mammals: data selection does matter,,,
Panthera_pardus,Mammalia,3.05538996,4,0.340376348,9.571116423,1.772650208,2.651476376,6.711409396,4,13,23,0.531740915,< 1 year,1.007576453,53074.995,yes,viviparous,terrestrial,carnivore,terrestrial,terrestrial,23,endo,,,,,V,decreasing,Panthera_pardus,,,,
Papio_cynocephalus,Mammalia,17.93521619,7,0.117851128,21.85968833,1.189987937,4.009348983,21.51211661,8,61,96,0.571312023,0 yrs,1.053871507,17851.25,yes,viviparous,terrestrial,omnivore,terrestrial,terrestrial,96,endo,,,,0.00307782,LC,stable,Papio_cynocephalus,Genoud et al Comparative analyses of basal rate of metabolism in mammals: data selection does matter,,,
Paramuricea_clavata,Anthozoa,5.458843304,9.550002681,0.062913999,39.46916031,1.682217136,3.521961269,12.45267663,7,23,41,0.296707733,"""Newborn"" colonies (primary polyps)",0.938394304,3255,no,oviparous,sessile,filter-feeding; autotrophic,benthic,marine,41,ecto,,,,0.000150247,NA,NA,Paramuricea_clavata,in mg converted using Seasonality of in situ respiration rate in three temperate benthic suspension feeders,,,
Paramuricea_clavata,Anthozoa,5.26010657,9.160334592,0.025908696,33.2459454,1.291050574,3.107941017,7.140933724,7,18,28,0.32319693,"""Newborn"" colonies (primary polyps)",0.872866803,3255,no,oviparous,sessile,filter-feeding; autotrophic,benthic,marine,28,ecto,,,,0.000150247,NA,NA,Paramuricea_clavata,in mg converted using Seasonality of in situ respiration rate in three temperate benthic suspension feeders,,,
Paramuricea_clavata,Anthozoa,4.47907525,7.805638399,0.047154351,30.28518672,1.436116663,3.062571398,8.030432986,7,16,27,0.326669085,"""Newborn"" colonies (primary polyps)",0.889565462,3255,no,oviparous,sessile,filter-feeding; autotrophic,benthic,marine,27,ecto,,,,0.000150247,NA,NA,Paramuricea_clavata,in mg converted using Seasonality of in situ respiration rate in three temperate benthic suspension feeders,,,
Paramuricea_clavata,Anthozoa,5.593259388,7.687186126,0.090774311,40.8921666,1.683955815,3.604983498,13.87645033,7,23,44,0.283184917,< 0.3 cm in height,0.957484631,3255,no,oviparous,sessile,filter-feeding; autotrophic,benthic,marine,44,ecto,,,,0.000150247,NA,NA,Paramuricea_clavata,in mg converted using Seasonality of in situ respiration rate in three temperate benthic suspension feeders,,,
Paramuricea_clavata,Anthozoa,5.512417538,9.573319423,0.062990485,39.62422228,1.688460949,3.546463643,12.64108956,7,24,42,0.298488862,< 0.3 cm in height,0.939592709,3255,no,oviparous,sessile,filter-feeding; autotrophic,benthic,marine,42,ecto,,,,0.000150247,NA,NA,Paramuricea_clavata,in mg converted using Seasonality of in situ respiration rate in three temperate benthic suspension feeders,,,
Paramuricea_clavata,Anthozoa,6.085161717,6.580690627,0.116956531,45.94475828,1.807696457,3.867719768,17.29418356,7,26,56,0.268533528,< 0.3 cm in height,0.980229487,3255,no,oviparous,sessile,filter-feeding; autotrophic,benthic,marine,56,ecto,,,,0.000150247,NA,NA,Paramuricea_clavata,in mg converted using Seasonality of in situ respiration rate in three temperate benthic suspension feeders,,,
Passer_domesticus,Aves,1.245283019,1,0.699072278,3.83706442,1.027358785,1.192612398,1.245283019,2,4,6,0.576857247,Fledglings,0.907023229,27.7,yes,oviparous,volant,omnivore,terrestrial,terrestrial,6,endo,,,,0.015942029,LC,decreasing,Passer_domesticus,from mcNAb its 1.32kj/h for a 23g,,,
Pernis_apivorus,Aves,5.575989583,4,0.104294602,9.451876685,1.05791622,2.484541171,5.208333333,4,16,24,0.627759513,< 1 year,0.920542483,762.5,yes,oviparous,volant,insectivore,terrestrial,terrestrial,24,endo,,,,0.003626196,LC,decreasing,Pernis_apivorus,from mcNAb its 8.41kj/h for a 652g,,,
Pernis_apivorus,Aves,5.575989583,4,0.149297339,8.601522769,1.05791622,2.484541171,5.208333333,4,16,24,0.627759513,< 1 year,0.968310268,762.5,yes,oviparous,volant,insectivore,terrestrial,terrestrial,24,endo,,,,0.003626196,LC,decreasing,Pernis_apivorus,from mcNAb its 8.41kj/h for a 652g,,,
Pernis_apivorus,Aves,5.575989583,4,0.104294602,9.451876685,1.05791622,2.484541171,5.208333333,4,16,24,0.627759513,<1 year,0.920542483,762.5,yes,oviparous,volant,insectivore,terrestrial,terrestrial,24,endo,,,,0.003582993,LC,decreasing,Pernis_apivorus,from mcNAb its 8.41kj/h for a 652g,,,
Pernis_apivorus,Aves,5.575989583,4,0.149297339,8.601522769,1.05791622,2.484541171,5.208333333,4,16,24,0.627759513,<1 year,0.968310268,762.5,yes,oviparous,volant,insectivore,terrestrial,terrestrial,24,endo,,,,0.003582993,LC,decreasing,Pernis_apivorus,from mcNAb its 8.41kj/h for a 652g,,,
Pernis_apivorus,Aves,5.575989583,4,0.128109043,8.95121472,1.05791622,2.484541171,5.208333333,4,16,24,0.627759513,< 1 year,0.945868156,762.5,yes,oviparous,volant,insectivore,terrestrial,terrestrial,24,endo,,,,0.003582993,LC,decreasing,Pernis_apivorus,from mcNAb its 8.41kj/h for a 652g,,,
Phalacrocorax_auritus,Aves,3.324294813,4,0.311046183,9.342238706,1.674616765,2.646914887,6.451612903,4,14,24,0.556495771,< 1 year,1.006396688,1876.5,yes,oviparous,volant,carnivore,pelagic,marine,24,endo,,,,0.004129323,LC,increasing,Phalacrocorax_auritus,from mcNAb its 19.77kj/h for a 1330g,,,
Phalacrocorax_auritus,Aves,2.040100561,4,0.420859917,9.407399743,1.803916552,2.433725074,5.847953216,4,9,18,0.512209407,< 1 year,0.966062289,1876.5,yes,oviparous,volant,carnivore,pelagic,marine,18,endo,,,,0.004129323,LC,increasing,Phalacrocorax_auritus,from mcNAb its 19.77kj/h for a 1330g,,,
Phalacrocorax_auritus,Aves,2.714770221,4,0.366200383,9.154275095,1.742383904,2.550469216,6.134969325,4,12,21,0.535974321,< 1 year,0.998780713,1876.5,yes,oviparous,volant,carnivore,pelagic,marine,21,endo,,,,0.004129073,LC,increasing,Phalacrocorax_auritus,from mcNAb its 19.77kj/h for a 1330g,,,
Phocarctos_hookeri,Mammalia,3.173087683,2,0.187097519,16.89353314,1.954664291,3.171645158,11.74641991,5,17,30,0.366583938,Pup (0 years),0.949597639,273499.99,yes,viviparous,m_pelagic,carnivore,pelagic,marine,30,endo,113912.5,52987.8,0.465162296,,E,decreasing,Phocarctos_hookeri,,,,
Phoebastria_immutabilis,Aves,5.720611687,9,0.158722443,20.5053143,1.701002012,3.250148612,11.9047619,9,26,44,0.554207537,Chick,0.991398006,3050,yes,oviparous,volant,carnivore-scavanger,pelagic,marine,44,endo,,,,,NT,stable,Phoebastria_immutabilis,,,,
Phrynosoma_cornutum,Reptilia,1.485660377,3,0.681066422,3.880366871,1.06647304,1.099468113,1.886792453,3,4,6,0.60613597,Hatchling,1.007765548,27.335,no,oviparous,terrestrial,carnivore,terrestrial,terrestrial,6,ecto,,,,0.000922,LC,stable,Phrynosoma_cornutum,White_Seymour_2006,,,
Phrynosoma_cornutum,Reptilia,1.394936709,3,0.716783277,3.265839091,0.893004063,0.597509132,1.265822785,3,4,5,0.704887967,Hatchling,0.999903085,27.335,no,oviparous,terrestrial,carnivore,terrestrial,terrestrial,5,ecto,,,,0.000922,LC,stable,Phrynosoma_cornutum,White_Seymour_2006,,,
Physeter_macrocephalus,Mammalia,10.68172725,4.923107101,0.048810604,31.94341682,1.478620087,3.951712587,19.8019802,2,43,74,0.463218712,"Calves: unweaned, do not make fluke-up dives",0.973186938,10100000,yes,viviparous,m_pelagic,carnivore,pelagic,marine,74,endo,,,,,V,NA,Physeter_macrocephalus,,,,
Picoides_borealis,Aves,2.365521911,2,0.388337483,5.034009509,1.286685823,1.799909982,3.40529155,7,8,12,0.603868749,0 yrs,0.970624159,48,yes,oviparous,volant,insectivore,arboreal,terrestrial,12,endo,,,,,NT,decreasing,Picoides_borealis,,,,
Picoides_borealis,Aves,2.044332966,2,0.35345528,4.604424974,1.238656183,1.543913112,2.748244647,7,6,10,0.626105346,0 yrs,0.879686029,48,yes,oviparous,volant,insectivore,arboreal,terrestrial,10,endo,,,,,NT,decreasing,Picoides_borealis,,,,
Podocnemis_expansa,Reptilia,2.044931193,3.785076758,0.43291414,26.63427751,1.078430973,1.602030274,11.73334208,5,5,7,0.326641829,"Eggs, hatchlings, and yearlings (0 yrs)",0.941676076,25800,no,oviparous,fw_benthic,herbivore,benthic,freshwater,7,ecto,,,,,LR,NA,Podocnemis_expansa,,,,
Podocnemis_lewyana,Reptilia,1.759704799,4,0.770857613,7.036317237,1.020678893,1.050211446,2.674033149,5,4,6,0.580480243,Eggs/Hatchlings (<13 cm SCL),1.211024133,9599,no,oviparous,fw_benthic,herbivore,benthic,freshwater,6,ecto,,,,,CE,decreasing,Podocnemis_lewyana,,,,
Propithecus_edwardsi,Mammalia,9.585952258,3.545595054,0.161682877,17.0050599,1.626668307,3.809674544,18.51851852,3,41,70,0.514411278,Yearlings (1-2 years old),1.035621733,6568.99,yes,viviparous,arboreal,herbivore,arboreal,terrestrial,70,endo,,,,,E,decreasing,Propithecus_edwardsi,,,,
Propithecus_edwardsi,Mammalia,9.585952258,3.545595054,0.07120047,25.06017499,1.626668307,3.809674544,18.51851852,3,41,70,0.514411278,Yearlings (1-2 years old),0.981345386,6568.99,yes,viviparous,arboreal,herbivore,arboreal,terrestrial,70,endo,,,,,E,decreasing,Propithecus_edwardsi,,,,
Propithecus_verreauxi,Mammalia,13.90969267,7,0.057667075,21.96254613,1.009323702,3.521393197,13.72248592,8,41,62,0.592833586,0 yrs,0.985591988,3588.26,yes,viviparous,arboreal,herbivore,semiarboreal,terrestrial,62,endo,,,,0.001238276,E,decreasing,Propithecus_verreauxi,Genoud et al Comparative analyses of basal rate of metabolism in mammals: data selection does matter,,,
Salvelinus_confluentus,Actinopterygii,1.312159749,5.061965699,0.66244343,6.370882936,0.983580235,1.080296745,1.693050371,7,4,5,0.61457649,1 (60-120 mm),0.903995592,3102.73,no,oviparous,fw_river,carnivore,river,freshwater,7,ecto,,,,,V,NA,Salvelinus_confluentus,,,,
Salvelinus_confluentus,Actinopterygii,1.309649179,2,0.686489642,4.844760327,0.971832089,1.7344329,1.420409079,7,4,5,0.300681671,1 (60-120 mm),0.925473587,3102.73,no,oviparous,fw_river,carnivore,river,freshwater,7,ecto,,,,,V,NA,Salvelinus_confluentus,,,,
Sceloporus_arenicolus,Reptilia,1.76119403,2,0.794252763,3.591494351,1.3966929,1.781891246,2.985074627,2,6,10,0.549958858,Juveniles,1.184281284,6.58,no,oviparous,terrestrial,insectivore,terrestrial,terrestrial,10,ecto,,,,,V,decreasing,Sceloporus_arenicolus,,,,
Sceloporus_arenicolus,Reptilia,1.542857143,2,0.751466097,3.67087573,1.353070042,1.704036629,2.857142857,2,6,9,0.534702911,Juveniles,1.081984125,6.58,no,oviparous,terrestrial,insectivore,terrestrial,terrestrial,9,ecto,,,,,V,decreasing,Sceloporus_arenicolus,,,,
Sceloporus_arenicolus,Reptilia,1.769230769,2,0.766717331,4.272682258,1.544601272,2.041696507,3.846153846,2,7,12,0.51163598,Juveniles,1.145177397,6.58,no,oviparous,terrestrial,insectivore,terrestrial,terrestrial,12,ecto,,,,,V,decreasing,Sceloporus_arenicolus,,,,
Sceloporus_arenicolus,Reptilia,1.674418605,2,0.887476503,3.04599168,1.249404644,1.490906198,2.325581395,2,6,8,0.578497476,Juveniles,1.260307694,6.58,no,oviparous,terrestrial,insectivore,terrestrial,terrestrial,8,ecto,,,,,V,decreasing,Sceloporus_arenicolus,,,,
Sceloporus_arenicolus,Reptilia,1.741935484,2,0.777064542,3.806818953,1.452895211,1.879287363,3.225806452,2,7,11,0.549990339,Juveniles,1.158526245,6.58,no,oviparous,terrestrial,insectivore,terrestrial,terrestrial,11,ecto,,,,,V,decreasing,Sceloporus_arenicolus,,,,
Sceloporus_arenicolus,Reptilia,2,2,0.758753177,3.449316222,1.365564249,1.777506725,2.857142857,2,7,11,0.596240321,Juveniles,1.222566198,6.58,no,oviparous,terrestrial,insectivore,terrestrial,terrestrial,11,ecto,,,,,V,decreasing,Sceloporus_arenicolus,,,,
Sceloporus_arenicolus,Reptilia,1.870967742,2,0.796387387,3.713639753,1.440311603,1.879287363,3.225806452,2,7,11,0.549990339,Juveniles,1.209942235,6.58,no,oviparous,terrestrial,insectivore,terrestrial,terrestrial,11,ecto,,,,,V,decreasing,Sceloporus_arenicolus,,,,
Sceloporus_grammicus,Reptilia,1.425913545,2.227818553,0.597609801,2.76726636,0.957381842,1.066629624,1.475479735,3,4,5,0.542501022,Juveniles,0.896875458,5.64,no,oviparous,terrestrial,carnivore,terrestrial,terrestrial,5,ecto,,,,,LC,stable,Sceloporus_grammicus,,,,
Sceloporus_grammicus,Reptilia,2.519836956,2.138874625,1.064363989,2.924157495,1.141297549,1.613129263,2.299393825,3,7,10,0.622534169,Juveniles,1.685592792,5.64,no,oviparous,terrestrial,carnivore,terrestrial,terrestrial,10,ecto,,,,,LC,stable,Sceloporus_grammicus,,,,
Sceloporus_grammicus,Reptilia,1.319807929,2.286288992,0.250113071,3.116920827,0.889496644,1.016515822,1.351238611,3,4,5,0.566218388,Juveniles,0.493138702,5.64,no,oviparous,terrestrial,carnivore,terrestrial,terrestrial,5,ecto,,,,,LC,stable,Sceloporus_grammicus,,,,
Sceloporus_grammicus,Reptilia,1.242929907,2.152200631,0.43962834,2.524880557,0.82435308,0.741202073,1.23740827,3,3,4,0.578505567,Juveniles,0.634877403,5.64,no,oviparous,terrestrial,carnivore,terrestrial,terrestrial,4,ecto,,,,,LC,stable,Sceloporus_grammicus,,,,
Sceloporus_grammicus,Reptilia,1.201353495,2.097562074,0.5938098,3.287848957,0.906986693,1.268621924,1.905832182,3,3,5,0.401141419,Juveniles,0.77802917,5.64,no,oviparous,terrestrial,carnivore,terrestrial,terrestrial,5,ecto,,,,,LC,stable,Sceloporus_grammicus,,,,
Sceloporus_grammicus,Reptilia,1.285081999,2.14021879,0.607879027,2.480503905,0.865217418,0.83866164,1.285912345,3,3,5,0.636460912,Juveniles,0.829736317,5.64,no,oviparous,terrestrial,carnivore,terrestrial,terrestrial,5,ecto,,,,,LC,stable,Sceloporus_grammicus,,,,
Sceloporus_grammicus,Reptilia,2.01548799,2.789773912,0.464993573,3.688390863,1.140174951,1.629132898,1.386248994,3,6,8,0.50517712,Juveniles,0.968529766,5.64,no,oviparous,terrestrial,carnivore,terrestrial,terrestrial,8,ecto,,,,,LC,stable,Sceloporus_grammicus,,,,
Sceloporus_grammicus,Reptilia,1.188432472,2.159889338,0.265343729,2.691840421,0.791388214,0.738861967,1.223047793,3,3,4,0.579441579,Juveniles,0.424959062,5.64,no,oviparous,terrestrial,carnivore,terrestrial,terrestrial,4,ecto,,,,,LC,stable,Sceloporus_grammicus,,,,
Sceloporus_grammicus,Reptilia,1.32674787,2.276796115,0.373623979,3.344105239,0.908819051,1.178792917,1.66519846,3,4,5,0.478920377,Juveniles,0.626895844,5.64,no,oviparous,terrestrial,carnivore,terrestrial,terrestrial,5,ecto,,,,,LC,stable,Sceloporus_grammicus,,,,
Setophaga_cerulea,Aves,1.652173913,1,0.810233463,5.249942082,1.221096527,1.42786239,1.652173913,2,5,8,0.605270914,SY- yearling,1.186317836,9.05,yes,oviparous,volant,insectivore,arboreal,terrestrial,8,endo,,,,,V,decreasing,Setophaga_cerulea,,,,
Stellifer_illecebrosus,Actinopterygii,2.380952381,3,0.689307383,4.210883926,1.1847804,1.6287345,2.380952381,8,7,10,0.614066757,> 1 year,1.269307383,20.83045,no,oviparous,m_benthic,insectivore,benthic,marine,10,ecto,,,,,LC,NA,Stellifer_illecebrosus,,,,
Sterna_hirundo,Aves,5.397451429,1,0.51720909,9.815587185,1.890374489,3.531202933,5.397451429,5,27,49,0.469880199,0-2 years (subadult),1.179602448,124,yes,oviparous,volant,carnivore,pelagic,marine,49,endo,130.1,355.6,2.733282091,,LC,NA,Sterna_hirundo,,,,
Sterna_hirundo,Aves,3.4245536,2,0.268999528,13.4110103,1.935763201,3.16038076,8.65912,5,17,32,0.43258976,0-2 years (subadult),0.99020897,124,yes,oviparous,volant,carnivore,pelagic,marine,32,endo,130.1,355.6,2.733282091,,LC,NA,Sterna_hirundo,,,,
Strix_occidentalis,Aves,4.713709105,2,0.245252368,6.265530366,1.161803514,2.51616665,5.376978666,3,15,22,0.579074361,First-year subadults,1.031376185,609.5,yes,oviparous,volant,carnivore,terrestrial,terrestrial,22,endo,579.8,232,0.400137979,0.004684764,NT,decreasing,Strix_occidentalis,from mcNAb its 9.63kj/h for a 571g,,,
Tamiasciurus_hudsonicus,Mammalia,1.824933976,1,0.555486802,3.674763086,1.263129766,1.458631297,1.824933976,8,7,8,0.563654309,1 yr,1.006311164,210.8,yes,viviparous,arboreal,herbivore,semiarboreal,terrestrial,8,endo,322,347,1.077639752,0.006076389,LC,stable,Tamiasciurus_hudsonicus,White et al06BiolLett,,,
Thalassarche_melanophris,Aves,14.20271374,10.31163097,0.045673023,23.35509528,0.768650279,3.475902241,9.574712644,17,36,54,0.547695236,1 year old,0.968832232,3440,yes,oviparous,volant,carnivore-scavanger,pelagic,marine,54,endo,,,,,LC,increasing,Thalassarche_melanophris,,,,
Thalassarche_melanophris,Aves,3.010879873,9.8189567,0.04630796,53.21013793,1.914465003,3.108212594,14.92519305,10,10,30,0.366029653,2nd-year juveniles,0.936647409,3440,yes,oviparous,volant,carnivore-scavanger,pelagic,marine,30,endo,,,,,LC,increasing,Thalassarche_melanophris,,,,
Turdus_torquatus,Aves,1.074224732,2,0.465754908,3.309780812,0.810442753,0.883408127,1.711213841,2,2,4,0.510413545,First year birds,0.585015771,109,yes,oviparous,volant,omnivore,terrestrial,terrestrial,4,endo,,,,,LC,stable,Turdus_torquatus,,,,
Turdus_torquatus,Aves,1.105951144,2,0.518099156,3.302410858,0.880572325,1.070214866,1.812199583,2,3,5,0.542392015,First year birds,0.660660626,109,yes,oviparous,volant,omnivore,terrestrial,terrestrial,5,endo,,,,,LC,stable,Turdus_torquatus,,,,
Turdus_torquatus,Aves,1.045847619,2,0.409345479,3.375008034,0.772324066,0.849481072,1.62088898,2,2,4,0.528885247,First year birds,0.504603615,109,yes,oviparous,volant,omnivore,terrestrial,terrestrial,4,endo,,,,,LC,stable,Turdus_torquatus,,,,
Tympanuchus_cupido,Aves,1.658019235,2,0.926324356,2.71730784,1.144700034,1.226385211,1.933644535,7,5,7,0.624159685,0 yrs,1.309792271,885.5,yes,oviparous,volant,herbivore,terrestrial,terrestrial,7,endo,,,,,V,decreasing,Tympanuchus_cupido,,,,
Umbonium_costatum,Gastropoda,3.655286027,2.064028087,0.454108481,5.29925782,1.319385646,2.471780036,4.310315953,6,12,19,0.526211428,0 years,1.16096654,2.3,no,oviparous,sessile,herbivore,benthic,marine,19,ecto,,,,,NA,NA,Umbonium_costatum,,,,
Urocitellus_armatus,Mammalia,1.480082353,1,0.726695738,3.717105215,0.999744868,0.783689193,1.480082353,3,4,6,0.712952969,Young of the year (0-1 yrs),1.050027637,310.4,yes,viviparous,semifossorial,herbivore,semifossorial,terrestrial,6,endo,,,,0.002544233,LC,NA,Urocitellus_armatus,Genoud et al Comparative analyses of basal rate of metabolism in mammals: data selection does matter,,,
Urocitellus_armatus,Mammalia,1.68925,1,0.548475603,3.608146597,1.161966118,1.357099419,1.68925,3,5,7,0.575350041,Young of the year (0-1 yrs),0.958853683,310.4,yes,viviparous,semifossorial,herbivore,semifossorial,terrestrial,7,endo,,,,0.002544233,LC,NA,Urocitellus_armatus,Genoud et al Comparative analyses of basal rate of metabolism in mammals: data selection does matter,,,
Urocitellus_armatus,Mammalia,1.619702277,1,0.597498315,3.579919054,1.102235868,1.148875114,1.619702277,3,5,7,0.65631971,Young of the year (0-1 yrs),0.980761535,310.4,yes,viviparous,semifossorial,herbivore,semifossorial,terrestrial,7,endo,,,,0.002544233,LC,NA,Urocitellus_armatus,Genoud et al Comparative analyses of basal rate of metabolism in mammals: data selection does matter,,,
Urocitellus_armatus,Mammalia,1.590103941,1,0.621824193,3.54720147,1.090662357,1.103390746,1.590103941,3,5,7,0.670999802,Young of the year (0-1 yrs),0.993157907,310.4,yes,viviparous,semifossorial,herbivore,semifossorial,terrestrial,7,endo,,,,0.002544233,LC,NA,Urocitellus_armatus,Genoud et al Comparative analyses of basal rate of metabolism in mammals: data selection does matter,,,
Urocitellus_columbianus,Mammalia,2.413654528,3,0.268923405,4.290074398,1.057541834,1.377538317,2.028,4,7,9,0.666398465,0 yrs,0.840519527,468.635,yes,viviparous,semifossorial,herbivore,semifossorial,terrestrial,9,endo,,,,,LC,stable,Urocitellus_columbianus,,,,
Urocitellus_columbianus,Mammalia,3.179282904,3,0.171080259,5.830962811,1.096372509,1.901831148,2.904494382,4,9,13,0.610034539,0 yrs,0.844936434,468.635,yes,viviparous,semifossorial,herbivore,semifossorial,terrestrial,13,endo,,,,,LC,stable,Urocitellus_columbianus,,,,
Urocyon_littoralis,Mammalia,1.416842105,2,0.295721388,3.723854928,1.068694039,1.318014949,1.894736842,3,4,6,0.495235515,Pup,0.641569915,1906.835,yes,viviparous,terrestrial,carnivore,semiarboreal,terrestrial,6,endo,,,,,NT,increasing,Urocyon_littoralis,,,,
Urocyon_littoralis,Mammalia,1.645718431,2,0.313533822,3.880753309,1.17457924,1.510676258,2.111571062,3,5,8,0.560994208,Pup,0.739473012,1906.835,yes,viviparous,terrestrial,carnivore,semiarboreal,terrestrial,8,endo,,,,,NT,increasing,Urocyon_littoralis,,,,
Ursus_americanus,Mammalia,3.917707636,5,0.191986684,10.95372578,1.473493948,2.566170098,6.060606061,5,14,23,0.571989515,Cub,0.953434604,132405,yes,viviparous,terrestrial,omnivore,terrestrial,terrestrial,23,endo,,,,0.000658172,LC,increasing,Ursus_americanus,Genoud et al Comparative analyses of basal rate of metabolism in mammals: data selection does matter,,,
Ursus_americanus,Mammalia,2.450980392,4,0.186724807,6.125305426,1.181839798,1.535387512,2.450980392,4,7,10,0.646413152,Cubs,0.778724795,132405,yes,viviparous,terrestrial,omnivore,terrestrial,terrestrial,10,endo,,,,0.000658172,LC,increasing,Ursus_americanus,Genoud et al Comparative analyses of basal rate of metabolism in mammals: data selection does matter,,,
Ursus_americanus,Mammalia,5.190954774,4.010050251,0.246504622,11.26410841,1.613857521,3.181389857,10,4,22,37,0.507138562,Cub,1.034755143,132405,yes,viviparous,terrestrial,omnivore,terrestrial,terrestrial,37,endo,,,,0.000658172,LC,increasing,Ursus_americanus,Genoud et al Comparative analyses of basal rate of metabolism in mammals: data selection does matter,,,
Ursus_americanus,Mammalia,2.00320019,3.818181818,0.125782152,7.516187355,1.294474158,1.850440176,2.529335072,4,7,10,0.499351243,Cub,0.70152567,132405,yes,viviparous,terrestrial,omnivore,terrestrial,terrestrial,10,endo,,,,0.000658172,LC,increasing,Ursus_americanus,Genoud et al Comparative analyses of basal rate of metabolism in mammals: data selection does matter,,,
Ursus_maritimus,Mammalia,8.635214419,8.569836512,0.050037233,18.49067053,1.160155571,3.065256458,9.730409234,6,28,42,0.615282005,2 years,0.940645935,371703.81,yes,viviparous,terrestrial,carnivore-scavanger,semiaquatic,terrestrial,42,endo,,,,0.000686061,V,NA,Ursus_maritimus,Genoud et al Comparative analyses of basal rate of metabolism in mammals: data selection does matter,,,
Vermivora_chrysoptera,Aves,1.373472949,1,0.448136966,3.591455998,1.048890668,1.115449154,1.373472949,2,4,6,0.608932323,First year individual,0.747428135,8.9,yes,oviparous,volant,insectivore,semiarboreal,terrestrial,6,endo,,,,,NT,decreasing,Vermivora_chrysoptera,Authors,,,
Vermivora_chrysoptera,Aves,1.456978967,1,0.45281054,3.726520787,1.128512996,1.25851715,1.456978967,2,5,7,0.61699166,First year individual,0.794098225,8.9,yes,oviparous,volant,insectivore,semiarboreal,terrestrial,7,endo,,,,,NT,decreasing,Vermivora_chrysoptera,,,,
Vermivora_chrysoptera,Aves,1.413321168,1,0.45059509,3.655728038,1.076556614,1.161051158,1.413321168,2,4,6,0.590443039,First year individual,0.770766293,8.9,yes,oviparous,volant,insectivore,semiarboreal,terrestrial,6,endo,,,,,NT,decreasing,Vermivora_chrysoptera,,,,
Vipera_aspis,Reptilia,2.087326913,5,0.304200738,8.9911587,1.493686513,1.949733557,3.90625,5,7,13,0.579937233,Juvenile,0.876861987,161,no,viviparous,terrestrial,carnivore,terrestrial,terrestrial,13,ecto,,,,0.0001,LC,decreasing,Vipera_aspis,,,,
Vipera_aspis,Reptilia,3.584793967,5,0.366671521,9.450217943,1.568492029,2.589507826,6.289308176,5,14,23,0.56050621,Juvenile,1.064251862,161,no,viviparous,terrestrial,carnivore,terrestrial,terrestrial,23,ecto,,,,0.0001,LC,decreasing,Vipera_aspis,,,,
Xenosaurus_grandis,Reptilia,3.406112202,3.546887299,0.464776383,5.140938506,1.075252353,1.989246754,3.055143053,4,10,13,0.568198923,Yearlings,1.174055404,23.59,no,viviparous,terrestrial,carnivore,terrestrial,terrestrial,13,ecto,,,,,V,decreasing,Xenosaurus_grandis,,,,
Xenosaurus_platyceps,Reptilia,2.513933235,4.065758847,0.449820736,6.299080734,1.357647588,2.177914269,3.423104492,4,9,13,0.459362743,Yearlings,1.045517688,19.6,no,viviparous,terrestrial,carnivore,terrestrial,terrestrial,13,ecto,,,,,E,decreasing,Xenosaurus_platyceps,,,,
Xenosaurus_platyceps,Reptilia,3.433423379,4.986876531,0.405173666,10.74640573,1.604142005,3.000630582,7.768542199,4,12,25,0.347817073,Yearlings,1.08475113,19.6,no,viviparous,terrestrial,carnivore,terrestrial,terrestrial,25,ecto,,,,,E,decreasing,Xenosaurus_platyceps,,,,
Xenosaurus_platyceps,Reptilia,2.027141449,3.492537313,0.475995471,4.667259998,1.201545668,1.588238196,2.23024179,4,7,9,0.57165535,Yearlings,0.983945231,19.6,no,viviparous,terrestrial,carnivore,terrestrial,terrestrial,9,ecto,,,,,E,decreasing,Xenosaurus_platyceps,,,,
Zalophus_californianus,Mammalia,3.855178452,3.548330015,0.203875621,7.636817543,1.281512359,2.431923351,4.581151832,3,13,19,0.544025731,0+ (juveniles),0.950469974,158597.43,yes,viviparous,m_pelagic,carnivore,pelagic,marine,19,endo,78000,38600,0.494871795,0.002437481,LC,increasing,Zalophus_californianus,McNab2005ZoolSinica,,,
Zalophus_californianus,Mammalia,6.740591808,5.115264798,0.075852905,7.999169798,0.657534207,2.397901229,2.96735905,3,15,19,0.555263493,0+ (juveniles),0.889284906,158597.43,yes,viviparous,m_pelagic,carnivore,pelagic,marine,19,endo,78000,38600,0.494871795,0.002437481,LC,increasing,Zalophus_californianus,McNab2005ZoolSinica,,,
Zalophus_californianus,Mammalia,3.242478873,3.25,0.233167877,5.346179646,1.096657761,1.86085132,2.816901408,3,9,12,0.592931752,>= 3 (adults),0.914854458,158597.43,yes,viviparous,m_pelagic,carnivore,pelagic,marine,12,endo,78000,38600,0.494871795,0.002437481,LC,increasing,Zalophus_californianus,McNab2005ZoolSinica,,,
Zalophus_californianus,Mammalia,2.930580595,3.104972376,0.277556214,12.16781126,1.972109959,2.912153032,8.771929825,3,13,26,0.453989024,2+ (adults),0.969322418,158597.43,yes,viviparous,m_pelagic,carnivore,pelagic,marine,26,endo,78000,38600,0.494871795,0.002437481,LC,increasing,Zalophus_californianus,McNab2005ZoolSinica,,,
Zalophus_californianus,Mammalia,6.409988277,3.172332943,0.277350021,16.34661523,2.044919036,3.814366844,20,3,35,66,0.478416461,"Pups (< 1 yr, < 1 m)",1.050381929,158597.43,yes,viviparous,m_pelagic,carnivore,pelagic,marine,66,endo,78000,38600,0.494871795,0.002437481,LC,increasing,Zalophus_californianus,McNab2005ZoolSinica,,,
Zalophus_californianus,Mammalia,3.901900767,3.85528757,0.182594397,7.270928519,1.171174652,2.330858282,3.891050584,3,12,18,0.564567153,"Pups (< 1 yr, < 1 m)",0.932847861,158597.43,yes,viviparous,m_pelagic,carnivore,pelagic,marine,18,endo,78000,38600,0.494871795,0.002437481,LC,increasing,Zalophus_californianus,McNab2005ZoolSinica,,,
Zalophus_californianus,Mammalia,5.376405466,4.127659574,0.113322101,8.086412586,0.915693456,2.437237499,4.06504065,3,14,19,0.538132412,"Pups (< 1 yr, < 1 m)",0.909771725,158597.43,yes,viviparous,m_pelagic,carnivore,pelagic,marine,19,endo,78000,38600,0.494871795,0.002437481,LC,increasing,Zalophus_californianus,McNab2005ZoolSinica,,,
Zalophus_californianus,Mammalia,3.280004113,3.579778831,0.257103817,9.025306345,1.585714346,2.653240072,5.917159763,3,13,22,0.506354813,"Pups (< 1 yr, < 1 m)",0.969218838,158597.43,yes,viviparous,m_pelagic,carnivore,pelagic,marine,22,endo,78000,38600,0.494871795,0.002437481,LC,increasing,Zalophus_californianus,McNab2005ZoolSinica,,,
Zingel_asper,Actinopterygii,2,2,0.651387819,2.876291559,1.149923134,1.340246221,2,2,6,8,0.638779528,Juvenile,1.151387887,3.147875,no,oviparous,fw_benthic,insectivore,benthic,freshwater,8,ecto,,,,,CE,decreasing,Zingel_asper,,,,
Zingel_asper,Actinopterygii,2.272727273,2,1.113263794,2.803262878,1.171594382,1.503911631,2.272727273,2,7,9,0.623422716,Juvenile,1.673263726,3.147875,no,oviparous,fw_benthic,insectivore,benthic,freshwater,9,ecto,,,,,CE,decreasing,Zingel_asper,,,,
Zingel_asper,Actinopterygii,1.666666667,2,0.261302504,3.010066898,1.078149744,1.094970323,1.666666667,2,5,7,0.67371726,Juvenile,0.661302501,3.147875,no,oviparous,fw_benthic,insectivore,benthic,freshwater,7,ecto,,,,,CE,decreasing,Zingel_asper,,,,