species,taxa_name,mean_life_expect,life_time_La,mean_repo_rate,mean_repo_rate_stable_state,gen_time,M_rep_lif_exp,matrix_size,surv_95,surv_99,gini,mxlxsd,surv_sd,mass_g,parental_care,repo_type,mobility,trophic_level,habitat_ecology,habitat,min_max,met_type,animal,met_notes,iucn_pop,iucn_statues,met_rate_Wg
Alces_alces,Mammalia,7.596653846,3,1.12,0.509437345,10.64398229,19.23076923,3,39,112,0.67105987,0.084132904,0.067489501,351000,yes,viviparous,terrestrial,herbivore,terrestrial,terrestrial,112,endo,Alces_alces,White_Seymour03PNAS,increasing,LC,0.000882606
Alces_alces,Mammalia,6.143580199,3,0.6631,0.347525664,9.16229411,10.92607106,5,22,45,0.639394266,0.081296469,0.035820789,351000,yes,viviparous,terrestrial,herbivore,terrestrial,terrestrial,45,endo,Alces_alces,White_Seymour03PNAS,increasing,LC,0.000882606
Alces_alces,Mammalia,4.154044118,3,1.0909,0.48405092,9.735649061,12.35516934,5,21,47,0.608888475,0.075338837,0.049776838,351000,yes,viviparous,terrestrial,herbivore,terrestrial,terrestrial,47,endo,Alces_alces,White_Seymour03PNAS,increasing,LC,0.000882606
Alces_alces,Mammalia,5.134379439,2,0.244,0.198954114,5.559106354,6.668353934,11,13,16,0.529300306,0.055570078,0.014875321,351000,yes,viviparous,terrestrial,herbivore,terrestrial,terrestrial,16,endo,Alces_alces,White_Seymour03PNAS,increasing,LC,0.000882606
Alces_alces,Mammalia,2.809037027,2,0.506666667,0.316321739,5.670473263,4.207062853,7,9,15,0.687497625,0.059661565,0.023942284,351000,yes,viviparous,terrestrial,herbivore,terrestrial,terrestrial,15,endo,Alces_alces,White_Seymour03PNAS,increasing,LC,0.000882606
Amazona_vittata,Aves,8.142857143,6.310344828,1.05264,0.265269793,10.90294462,8.928571429,3,26,59,0.622500505,0.07067166,0.02314576,281,yes,oviparous,volant,herbivore,arboreal,terrestrial,59,endo,Amazona_vittata,,increasing,CE,
Ammocrypta_pellucida,Actinopterygii,1.036839904,2,71.5,1.475077791,2.364808446,1.534996,4,2,5,0.688600289,0.289632721,0.017192939,0.8,no,oviparous,fw_benthic,carnivore,benthic,freshwater,5,ecto,Ammocrypta_pellucida,,stable,LC,
Ammodramus_savannarum,Aves,1.507559395,2,1.51,0.572423484,3.271836685,2.159827214,2,5,11,0.70184608,0.05973902,0.025984184,17.9,yes,oviparous,volant,insectivore,terrestrial,terrestrial,11,endo,Ammodramus_savannarum,from mcNAb its 0.64 kj/h for a 13.8g,decreasing,LC,0.012882448
Ammodramus_savannarum,Aves,1.507559395,2,1.7,0.611580304,3.220280968,2.159827214,2,5,11,0.70184608,0.06725585,0.025984184,17.9,yes,oviparous,volant,insectivore,terrestrial,terrestrial,11,endo,Ammodramus_savannarum,from mcNAb its 0.64 kj/h for a 13.8g,decreasing,LC,0.012882448
Amphimedon_compressa,Demospongiae,3.980267822,1,0.057066667,0.050572829,8.609542766,3.980267822,3,12,24,0.699536946,0.006587135,0.020932387,182,no,oviparous,sessile,filter-feeding,benthic,marine,24,ecto,Amphimedon_compressa,,NA,NA,
Anarhynchus_frontalis,Aves,2.916363636,3,0.29,0.20619905,14.06169701,9.090909091,3,14,48,0.651093029,0.011720761,0.054453212,58.125,yes,oviparous,volant,insectivore,terrestrial,freshwater,48,endo,Anarhynchus_frontalis,,decreasing,V,
Anas_fulvigula,Aves,1.886792453,1,0.033978864,0.033978864,5.060544866,1.886792453,2,5,11,0.748812769,0.002325915,0.023020404,1082,yes,oviparous,volant,omnivore,semiaquatic,freshwater,11,endo,Anas_fulvigula,,decreasing,LC,
Anas_laysanensis,Aves,7.833333333,2,0.62,0.417455485,5.888581962,8.333333333,2,24,55,0.717126492,0.108441162,0.022119268,1082,yes,oviparous,volant,insectivore,semiaquatic,freshwater,55,endo,Anas_laysanensis,,increasing,CE,
Anas_platyrhynchos,Aves,2.386634845,1,0.2315,0.242790216,4.105931987,2.386634845,2,7,14,0.732078485,0.025471188,0.022470746,1121,yes,oviparous,volant,omnivore,semiaquatic,freshwater,14,endo,Anas_platyrhynchos,from mcNAb its 14.64 kj/h for a 1020g,increasing,LC,0.003986928
Anas_platyrhynchos,Aves,2.793103448,1,0.2845,0.305550715,4.086812117,2.793103448,2,8,16,0.732486261,0.040896756,0.021449332,1121,yes,oviparous,volant,omnivore,semiaquatic,freshwater,16,endo,Anas_platyrhynchos,from mcNAb its 14.64 kj/h for a 1020g,increasing,LC,0.003986928
Anser_anser,Aves,5.63362511,3,1.0319,0.440767101,6.138982487,6.090319437,3,18,39,0.71580937,0.136079446,0.023072096,3308.5,yes,oviparous,volant,herbivore,semiaquatic,terrestrial,39,endo,Anser_anser,from mcNAb its 39.01 kj/h for a 3250g,increasing,LC,0.003334188
Anser_anser,Aves,7.891906504,3,1.1316,0.47522445,6.831099693,8.921402444,3,25,58,0.712089998,0.165950549,0.024672705,3308.5,yes,oviparous,volant,herbivore,semiaquatic,terrestrial,58,endo,Anser_anser,from mcNAb its 39.01 kj/h for a 3250g,increasing,LC,0.003334188
Anser_anser,Aves,4.454576976,3,0.9322,0.405944551,5.668096187,4.623208507,3,14,30,0.727150549,0.108845339,0.022526498,3308.5,yes,oviparous,volant,herbivore,semiaquatic,terrestrial,30,endo,Anser_anser,from mcNAb its 39.01 kj/h for a 3250g,increasing,LC,0.003334188
Anthropoides_paradiseus,Aves,16.70947999,5,3.03861,0.560041102,11.55941978,27.63423329,5,68,174,0.691832135,0.349042416,0.047366865,5100,yes,oviparous,volant,omnivore,terrestrial,terrestrial,174,endo,Anthropoides_paradiseus,,stable,V,
Arctocephalus_australis,Mammalia,5.473568533,3,0.317368421,0.194347261,9.16692818,6.7166526,21,17,50,0.741720098,0.03195926,0.030118092,67979.43,yes,viviparous,m_pelagic,carnivore,pelagic,marine,50,endo,Arctocephalus_australis,,increasing,LC,
Astroblepus_ubidiai,Actinopterygii,1.298934141,3,17.7121,0.975960388,3.632338173,1.639340487,7,4,7,0.693225708,0.16149422,0.020299838,14.7,no,oviparous,fw_benthic,omnivore,benthic,freshwater,7,ecto,Astroblepus_ubidiai,,NA,CE,
Bonasa_umbellus,Aves,1.651573292,1,0.282214286,0.287408233,3.607230882,1.651573292,2,5,10,0.743001767,0.016036861,0.023323238,532,yes,oviparous,volant,omnivore,terrestrial,terrestrial,10,endo,Bonasa_umbellus,,decreasing,LC,
Bonasa_umbellus,Aves,1.40066778,1,0.2835,0.287877745,3.501813367,1.40066778,2,4,8,0.710560356,0.01186604,0.021728925,532,yes,oviparous,volant,omnivore,terrestrial,terrestrial,8,endo,Bonasa_umbellus,,decreasing,LC,
Bonasa_umbellus,Aves,1.576433121,1,0.2965,0.296872226,3.444032719,1.576433121,2,5,8,0.728637727,0.014030329,0.020692887,532,yes,oviparous,volant,omnivore,terrestrial,terrestrial,8,endo,Bonasa_umbellus,,decreasing,LC,
Bonasa_umbellus,Aves,1.74952919,1,0.1995,0.205597444,3.787434459,1.74952919,2,5,10,0.725330525,0.012947531,0.022532922,532,yes,oviparous,volant,omnivore,terrestrial,terrestrial,10,endo,Bonasa_umbellus,,decreasing,LC,
Bonasa_umbellus,Aves,2.211136891,1,0.393,0.39576215,4.0441297,2.211136891,2,7,14,0.741191321,0.035338877,0.023825145,532,yes,oviparous,volant,omnivore,terrestrial,terrestrial,14,endo,Bonasa_umbellus,,decreasing,LC,
Bonasa_umbellus,Aves,1.711832061,1,0.106,0.113801826,4.207454655,1.711832061,2,5,10,0.720581505,0.006790547,0.022800134,532,yes,oviparous,volant,omnivore,terrestrial,terrestrial,10,endo,Bonasa_umbellus,,decreasing,LC,
Bonasa_umbellus,Aves,1.543089431,1,0.1455,0.149947321,3.555521781,1.543089431,2,4,9,0.750632729,0.006655175,0.02254827,532,yes,oviparous,volant,omnivore,terrestrial,terrestrial,9,endo,Bonasa_umbellus,,decreasing,LC,
Bonasa_umbellus,Aves,1.547332186,1,0.5515,0.536481007,3.812877104,1.547332186,2,5,9,0.730319251,0.027777353,0.022403919,532,yes,oviparous,volant,omnivore,terrestrial,terrestrial,9,endo,Bonasa_umbellus,,decreasing,LC,
Bostrychia_hagedash,Aves,3.846153846,3,0.28728,0.194951574,7.088734738,3.846153846,7,11,24,0.664152656,0.026032825,0.021605605,1245.25,yes,oviparous,volant,insectivore,terrestrial,terrestrial,24,endo,Bostrychia_hagedash,,increasing,LC,
Buteo_solitarius,Aves,3.25,4,0.28,0.192158048,13.59802685,8.333333333,4,16,46,0.667116549,0.013157865,0.048653611,505,yes,oviparous,volant,carnivore,terrestrial,terrestrial,46,endo,Buteo_solitarius,,stable,NT,
Buteo_solitarius,Aves,14.66666667,4,0.17,0.121123451,15.58094814,16.66666667,4,48,111,0.711149234,0.027253999,0.025555458,505,yes,oviparous,volant,carnivore,terrestrial,terrestrial,111,endo,Buteo_solitarius,,stable,NT,
Buteo_solitarius,Aves,14.66666667,4,0.1,0.079739812,18.46370016,16.66666667,4,48,111,0.711149234,0.016031764,0.025555458,505,yes,oviparous,volant,carnivore,terrestrial,terrestrial,111,endo,Buteo_solitarius,,stable,NT,
Buteo_solitarius,Aves,9.333333333,4,0.23,0.160957712,16.54452841,16.66666667,4,40,103,0.690082406,0.022982629,0.053035663,505,yes,oviparous,volant,carnivore,terrestrial,terrestrial,103,endo,Buteo_solitarius,,stable,NT,
Calidris_temminckii,Aves,3.278688525,1,0.062,0.070045665,6.640666065,3.278688525,3,10,20,0.716200597,0.008957085,0.021970105,25.7,yes,oviparous,volant,insectivore,terrestrial,terrestrial,20,endo,Calidris_temminckii,,NA,LC,
Calidris_temminckii,Aves,3.278688525,1,0.213,0.216610452,4.987625834,3.278688525,3,10,20,0.721531894,0.028727244,0.021970105,25.7,yes,oviparous,volant,insectivore,terrestrial,terrestrial,20,endo,Calidris_temminckii,,NA,LC,
Calyptorhynchus_lathami,Aves,8.034482759,3,0.2324,0.1711829,11.85238075,11.49425287,3,30,73,0.701828962,0.028648995,0.03502091,431.975,yes,oviparous,volant,herbivore,arboreal,terrestrial,73,endo,Calyptorhynchus_lathami,,decreasing,LC,
Calyptorhynchus_lathami,Aves,8.034482759,5,0.296,0.170327979,13.87669384,11.49425287,5,30,73,0.702334534,0.030420361,0.03502091,431.975,yes,oviparous,volant,herbivore,arboreal,terrestrial,73,endo,Calyptorhynchus_lathami,,decreasing,LC,
Canis_lupus,Mammalia,4.352446661,2,1.07,0.596021651,4.30411386,5.495814198,10,11,11,0.402946408,0.200183071,0.013375654,29190.755,yes,viviparous,terrestrial,carnivore,terrestrial,terrestrial,11,endo,Canis_lupus,,stable,LC,0.0013
Cebus_capucinus,Mammalia,21.42432665,7,0.065167019,0.072630012,29.36270287,27.11291884,8,76,185,0.699017123,0.01453079,0.026073282,2655,yes,viviparous,arboreal,omnivore,arboreal,terrestrial,185,endo,Cebus_capucinus,,NA,NA,
Centrocercus_minimus,Aves,1.616675,3,0.44,0.206534096,4.171010349,1.9375,4,5,9,0.761481982,0.012240702,0.022087579,1650,yes,oviparous,volant,omnivore,terrestrial,terrestrial,9,endo,Centrocercus_minimus,,decreasing,E,
Centrocercus_minimus,Aves,1.697,3,0.44,0.232145718,5.478358522,2.5,4,6,13,0.710891088,0.01169952,0.02783509,1650,yes,oviparous,volant,omnivore,terrestrial,terrestrial,13,endo,Centrocercus_minimus,,decreasing,E,
Cercopithecus_mitis,Mammalia,19.6419183,8,0.103366232,0.0841144,21.45230122,17.65897656,9,55,120,0.716114245,0.026628287,0.015199806,6116.5,yes,viviparous,arboreal,omnivore,arboreal,terrestrial,120,endo,Cercopithecus_mitis,"Trevor S. Fristoe, Joseph R. Burger, Meghan A. Balk, Imran Khaliq, Christian Hof and James H. Brown",decreasing,LC,0.002228774
Cervus_elaphus,Mammalia,10.33984397,3,0.169058824,0.145576821,8.015002287,9.724110396,19,18,20,0.482659158,0.066607011,0.00649332,160166.665,yes,viviparous,terrestrial,herbivore,terrestrial,terrestrial,20,endo,Cervus_elaphus,Genoud et al Comparative analyses of basal rate of metabolism in mammals: data selection does matter,increasing,LC,0.001561782
Cervus_elaphus,Mammalia,2.013645025,2,0.760933333,0.399330557,8.002850115,6.218681137,16,10,24,0.579058648,0.026116361,0.03926656,160166.665,yes,viviparous,terrestrial,herbivore,terrestrial,terrestrial,24,endo,Cervus_elaphus,Genoud et al Comparative analyses of basal rate of metabolism in mammals: data selection does matter,increasing,LC,0.001561782
Cervus_elaphus,Mammalia,2.305067911,2,0.704933333,0.387208686,8.243819469,7.05442114,16,12,26,0.581435899,0.030167672,0.041054152,160166.665,yes,viviparous,terrestrial,herbivore,terrestrial,terrestrial,26,endo,Cervus_elaphus,Genoud et al Comparative analyses of basal rate of metabolism in mammals: data selection does matter,increasing,LC,0.001561782
Cervus_elaphus,Mammalia,3.817487065,2,0.415733333,0.284574818,7.636469443,7.959003009,16,17,29,0.613645446,0.040013929,0.034201113,160166.665,yes,viviparous,terrestrial,herbivore,terrestrial,terrestrial,29,endo,Cervus_elaphus,Genoud et al Comparative analyses of basal rate of metabolism in mammals: data selection does matter,increasing,LC,0.001561782
Chelodina_expansa,Reptilia,1.153856913,7.524861878,8,0.739128946,26.68079814,12.65822785,3,2,24,0.209783117,0.002799892,0.044958954,4744,no,oviparous,fw_benthic,carnivore,semiaquatic,freshwater,24,ecto,Chelodina_expansa,,NA,NA,
Chelodina_expansa,Reptilia,2.293796769,7.524861878,8,0.542697082,16.07361829,12.65822785,3,10,47,0.388302401,0.026804031,0.054921827,4744,no,oviparous,fw_benthic,carnivore,semiaquatic,freshwater,47,ecto,Chelodina_expansa,,NA,NA,
Chelydra_serpentina,Reptilia,1.270404341,11.70758463,15.63,0.723635931,57.88055346,27.74379006,7,3,18,0.450075755,0.001912138,0.037810083,5170,no,oviparous,fw_benthic,carnivore,semiaquatic,freshwater,18,ecto,Chelydra_serpentina,Litzgus_et al 2003,stable,LC,0.000289444
Chen_caerulescens,Aves,5.617977528,2,0.349599284,0.278008787,6.744526048,5.617977528,5,17,37,0.680823587,0.059920946,0.020833198,2630.75,yes,viviparous,volant,herbivore,terrestrial,terrestrial,37,endo,Chen_caerulescens,from mcNAb its 27.9 kj/h for a 2930g,increasing,LC,0.002645051
Chrysemys_picta,Reptilia,3.632286074,7,0.062786667,0.095090785,8.406164491,3.228284518,36,12,14,0.918419166,0.00921861,0.02931192,371.8,no,oviparous,fw_benthic,omnivore,benthic,freshwater,36,ecto,Chrysemys_picta,Litzgus_et al 2003,stable,LC,0.000243137
Ciconia_ciconia,Aves,3.429683488,2,1.66152585,0.740924462,4.801993776,5.986507461,2,14,35,0.690380138,0.144373578,0.037629218,3350,yes,oviparous,volant,carnivore_scavanger,terrestrial,terrestrial,35,endo,Ciconia_ciconia,,increasing,LC,
Clemmys_guttata,Reptilia,4.357072484,6.926108374,1.65,0.285784321,27.76723379,28.57142857,3,16,112,0.477986215,0.013564228,0.064980438,165.4,no,oviparous,fw_benthic,omnivore,benthic,freshwater,112,ecto,Clemmys_guttata,,decreasing,E,
Coragyps_atratus,Aves,10.03574568,5,0.4987,0.215727014,11.39994652,10.63829787,5,31,71,0.716949382,0.067827273,0.020990469,2080.5,yes,viviparous,volant,scavanger,terrestrial,terrestrial,71,endo,Coragyps_atratus,,increasing,LC,
Coragyps_atratus,Aves,9.728716417,8,0.4987,0.162582574,15.56118266,10.63829787,8,31,70,0.713925339,0.048117792,0.021152595,2080.5,yes,viviparous,volant,scavanger,terrestrial,terrestrial,70,endo,Coragyps_atratus,,increasing,LC,
Crocodylus_johnsoni,Reptilia,2.304204539,8.954306477,2.27,0.45287814,17.07032338,9.414602049,5,12,42,0.457700514,0.019364989,0.052402933,19500,yes,oviparous,fw_benthic,carnivore,benthic,freshwater,42,ecto,Crocodylus_johnsoni,Christian et al 1996,stable,LC,0.000138488
Crocodylus_johnsoni,Reptilia,3.086252736,10.52859209,3.2,0.423071831,18.97704041,10.42685505,5,17,55,0.444751826,0.026335434,0.060194832,19500,yes,oviparous,fw_benthic,carnivore,benthic,freshwater,55,ecto,Crocodylus_johnsoni,SMR from biggest 3 indaviduals in Gienger,stable,LC,0.000138488
Crocodylus_johnsoni,Reptilia,1.860111348,8.379476269,1.34,0.408645666,17.60350239,8.829400491,5,8,35,0.447487342,0.008074977,0.051195135,19500,yes,oviparous,fw_benthic,carnivore,benthic,freshwater,35,ecto,Crocodylus_johnsoni,SMR from biggest 3 indaviduals in Gienger,stable,LC,0.000138488
Crocodylus_johnsoni,Reptilia,10.55500137,9,0.229209286,0.108253849,23.94460801,21.19070439,50,41,51,0.457437919,0.019948322,0.022499893,19500,yes,oviparous,fw_benthic,carnivore,benthic,freshwater,51,ecto,Crocodylus_johnsoni,SMR from biggest 3 indaviduals in Gienger,stable,LC,0.000138488
Cryptophis_nigrescens,Reptilia,2.19140625,3,2.116,0.623581305,5.378963177,3.90625,3,9,22,0.69526437,0.09705385,0.033786703,1465.5,no,viviparous,terrestrial,carnivore,terrestrial,terrestrial,22,ecto,Cryptophis_nigrescens,,NA,NA,
Cyprinus_carpio,Actinopterygii,2.831658291,2,3.06075,0.906440404,4.751880217,3.663316583,5,11,29,0.63296697,0.203287827,0.036860053,542.57,no,oviparous,fw_river,omnivore,river,freshwater,29,ecto,Cyprinus_carpio, et al  Ecological Influences and Morphological Correlates of Resting and Maximal Metabolic Rates across Teleost Fish Species,NA,NA,9.94E-05
Drymarchon_couperi,Reptilia,1.866021311,2,0.628625,0.390497153,5.554760942,2.995577,3,7,20,0.648810383,0.02638742,0.035280736,7118,no,oviparous,terrestrial,carnivore,terrestrial,terrestrial,20,ecto,Drymarchon_couperi,,decreasing,LC,
Eidolon_helvum,Mammalia,3.529411765,2,0.905,0.500260201,5.386639605,5.882352941,3,14,35,0.701829075,0.08161609,0.0365808,280.43,yes,viviparous,volant,herbivore,arboreal,terrestrial,35,endo,Eidolon_helvum,,decreasing,NT,
Elephas_maximus,Mammalia,34.65149205,16,0.219444444,0.079973977,31.73154512,35.17035489,60,72,109,0.628374901,0.054675088,0.015954415,3220000,yes,viviparous,terrestrial,herbivore,terrestrial,terrestrial,109,endo,Elephas_maximus,Genoud et al Comparative analyses of basal rate of metabolism in mammals: data selection does matter,decreasing,E,0.000636302
Emydura_macquarii,Reptilia,1.020264565,5.095975232,12,0.864676752,54.53457748,18.18181818,3,2,7,0.392673014,0.000737547,0.022203187,1740,no,oviparous,fw_benthic,carnivore,benthic,freshwater,7,ecto,Emydura_macquarii,,NA,NA,
Emydura_macquarii,Reptilia,1.182381086,5.095975232,12,0.79274887,27.64581191,18.18181818,3,2,21,0.183891917,0.004830521,0.042373368,1740,no,oviparous,fw_benthic,carnivore,benthic,freshwater,21,ecto,Emydura_macquarii,,NA,NA,
Esox_lucius,Actinopterygii,1.000766117,4,225594.4758,1.373627712,6.19182271,3.107147172,16,2,3,0.626319722,0.358405098,0.036925427,1073.82,no,oviparous,fw_benthic,carnivore,benthic,freshwater,16,ecto,Esox_lucius,"I used 15 C temp for Armstrong et al. (1992) from Table 1 in Armstrong and Hawkins Standard metabolic rate of pike, Esox lucius: variation among studies and implications for energy flow modelling",stable,LC,0.000185149
Falco_naumanni,Aves,2.171487603,2,1.86,0.738867404,3.825392255,3.443526171,2,8,19,0.694106062,0.12489814,0.030415226,152.5,yes,oviparous,volant,carnivore,terrestrial,terrestrial,19,endo,Falco_naumanni,,stable,LC,
Falco_peregrinus,Aves,2.314073632,2,0.355831959,0.286636353,10.06237377,5.837837838,5,11,35,0.625562907,0.015675971,0.047747999,827.25,yes,oviparous,volant,carnivore,aerial,terrestrial,35,endo,Falco_peregrinus,,stable,LC,
Falco_peregrinus,Aves,3.3664,3,0.664,0.334202803,6.738991857,5,3,12,30,0.703617656,0.050175159,0.032540511,827.25,yes,oviparous,volant,carnivore,aerial,terrestrial,30,endo,Falco_peregrinus,,stable,LC,
Forpus_passerinus,Aves,1.845429565,2.449030302,0.263344748,0.188544085,8.224500551,2.258747622,2,6,12,0.664054943,0.007231273,0.024789961,24,yes,oviparous,volant,herbivore,terrestrial,terrestrial,12,endo,Forpus_passerinus,,decreasing,LC,
Fulmarus_glacialis,Aves,12.25882353,9,0.06775,0.045353729,23.24799641,11.76470588,9,36,80,0.721390621,0.007534305,0.017052677,785,yes,oviparous,volant,carnivore-scavanger,pelagic,marine,80,endo,Fulmarus_glacialis,from mcNAb its 13.75 kj/h for a 728g,increasing,LC,0.00524649
Gavia_immer,Aves,3.3125,1,0.3775,0.300877705,14.85086284,3.3125,2,18,65,0.640293088,0.007998163,0.060663397,4400,yes,oviparous,volant,omnivore,semiaquatic,freshwater,65,endo,Gavia_immer,,stable,LC,
Gavia_immer,Aves,3.25,1,0.395,0.336666667,14.14752494,3.25,2,18,65,0.640293088,0.009254266,0.060998638,4400,yes,oviparous,volant,omnivore,semiaquatic,freshwater,65,endo,Gavia_immer,,stable,LC,
Gavia_immer,Aves,3.375,1,0.36,0.260884975,15.79206698,3.375,2,19,65,0.640293088,0.006660267,0.060328238,4400,yes,oviparous,volant,omnivore,semiaquatic,freshwater,65,endo,Gavia_immer,,stable,LC,
Genypterus_blacodes,Actinopterygii,5.680320902,5,1.069,0.241619309,8.713408279,5.464480874,5,15,34,0.712086483,0.074244597,0.030376653,5482,no,oviparous,m_benthic,carnivore,bathydemersal,marine,34,ecto,Genypterus_blacodes,,NA,NA,
Genypterus_blacodes,Actinopterygii,5.437065716,5,1.153,0.244393629,6.468133795,2.376957494,6,10,25,0.81480323,0.090259918,0.017741194,5482,no,oviparous,m_benthic,carnivore,bathydemersal,marine,25,ecto,Genypterus_blacodes,,NA,NA,
Gorilla_beringei,Mammalia,41.36021515,10,0.050972337,0.05184506,38.8165862,42.88608798,11,127,294,0.710613328,0.014495342,0.017435811,139842,yes,viviparous,terrestrial,herbivore,terrestrial,terrestrial,294,endo,Gorilla_beringei,,decreasing,CE,
Gyps_coprotheres,Aves,8.91954023,4,0.314985,0.190568784,11.90403766,11.49425287,5,31,74,0.7058583,0.03975229,0.030346661,7862,yes,oviparous,volant,scavanger,terrestrial,terrestrial,74,endo,Gyps_coprotheres,,decreasing,E,
Haliaeetus_albicilla,Aves,5.856288134,5,0.190787879,0.11376118,12.09505895,6.117209457,37,19,37,0.651490743,0.016549646,0.022017219,4793,yes,oviparous,volant,carnivore-scavanger,pelagic,terrestrial,37,endo,Haliaeetus_albicilla,,increasing,LC,
Haliaeetus_albicilla,Aves,5.172622205,5,0.676977576,0.238281487,10.33330825,6.117209457,37,18,36,0.645488068,0.046290925,0.024794394,4793,yes,oviparous,volant,carnivore-scavanger,pelagic,terrestrial,37,endo,Haliaeetus_albicilla,,increasing,LC,
Haliotis_laevigata,Gastropoda,3.844169307,3.511683498,45.63666667,1.536112991,8.114103462,14.51666872,7,22,78,0.590148628,2.265460043,0.06541616,45.7,no,oviparous,sessile,herbivore,benthic,marine,78,ecto,Haliotis_laevigata,,NA,NA,
Haliotis_rufescens,Gastropoda,1.739945018,4.199456753,14.254,0.574734355,9.183190615,2.966497608,8,5,16,0.43149274,0.031807834,0.030899814,579.3206336,no,oviparous,sessile,herbivore,benthic,marine,16,ecto,Haliotis_rufescens,,NA,NA,
Himantopus_novaezelandiae,Aves,1.823236515,3,0.398571429,0.231476793,6.177005709,2.904564315,3,6,16,0.704196233,0.013223149,0.030108776,161,yes,oviparous,volant,carnivore,semiaquatic,freshwater,16,endo,Himantopus_novaezelandiae,,increasing,CE,
Hippocamelus_bisulcus,Mammalia,15.22666667,3,0.0936,0.079818748,17.17981838,16.66666667,3,48,112,0.713485978,0.016539166,0.023257253,69620.405,yes,viviparous,terrestrial,herbivore,terrestrial,terrestrial,112,endo,Hippocamelus_bisulcus,,decreasing,E,
Hippocamelus_bisulcus,Mammalia,7.218666667,3,0.0936,0.078383243,10.42584164,6.666666667,3,21,45,0.727690747,0.015540252,0.017428412,69620.405,yes,viviparous,terrestrial,herbivore,terrestrial,terrestrial,45,endo,Hippocamelus_bisulcus,,decreasing,E,
Hippocamelus_bisulcus,Mammalia,7.218666667,3,0.2448,0.170173169,8.117182293,6.666666667,3,21,45,0.727690747,0.040643736,0.017428412,69620.405,yes,viviparous,terrestrial,herbivore,terrestrial,terrestrial,45,endo,Hippocamelus_bisulcus,,decreasing,E,
Hirundo_rustica,Aves,1.311428626,2,3.06,0.744369608,2.922127929,1.907632437,2,4,9,0.691873828,0.079294968,0.023993054,19,yes,oviparous,volant,insectivore,aerial,terrestrial,9,endo,Hirundo_rustica,from mcNAb its 1.08 kj/h for a 18.4g,decreasing,LC,0.016304348
Homo_sapiens,Mammalia,64.62558284,17,0.031632059,0.040074192,32.05387771,53.11829555,100,98,90,0.793472916,0.052801642,0.009649246,62035,yes,viviparous,terrestrial,omnivore,terrestrial,terrestrial,98,endo,Homo_sapiens,,increasing,LC,0.00117135
Homo_sapiens,Mammalia,74.04070941,17,0.034182655,0.043147426,30.5451869,59.30521604,100,98,92,0.796634527,0.062167088,0.01250312,62035,yes,viviparous,terrestrial,omnivore,terrestrial,terrestrial,98,endo,Homo_sapiens,,increasing,LC,0.00117135
Homo_sapiens,Mammalia,50.67224195,17,0.039955507,0.047134224,32.90757829,47.90664034,100,96,87,0.771389809,0.049935704,0.012744559,62035,yes,viviparous,terrestrial,omnivore,terrestrial,terrestrial,96,endo,Homo_sapiens,,increasing,LC,0.00117135
Homo_sapiens,Mammalia,77.40270741,16,0.019694094,0.02891139,27.84081597,63.24795461,100,100,94,0.819445252,0.03855651,0.01363173,62035,yes,viviparous,terrestrial,omnivore,terrestrial,terrestrial,100,endo,Homo_sapiens,,increasing,LC,0.00117135
Homo_sapiens,Mammalia,62.21909612,18,0.0293208,0.039825937,30.04421101,51.77375364,100,97,89,0.807557535,0.049662186,0.009525138,62035,yes,viviparous,terrestrial,omnivore,terrestrial,terrestrial,97,endo,Homo_sapiens,,increasing,LC,0.00117135
Homo_sapiens,Mammalia,74.98617668,19,0.018925032,0.027849217,28.40358352,58.08947531,100,99,92,0.855080152,0.042877717,0.012600741,62035,yes,viviparous,terrestrial,omnivore,terrestrial,terrestrial,99,endo,Homo_sapiens,,increasing,LC,0.00117135
Hoplocephalus_bungaroides,Reptilia,3.17313587,6,1.741,0.375546326,9.978478538,5.434782609,6,12,32,0.698569257,0.059785691,0.037343338,279,no,viviparous,terrestrial,carnivore,terrestrial,terrestrial,32,ecto,Hoplocephalus_bungaroides,,NA,V,
Isurus_oxyrinchus,Elasmobranchii,9.164098837,11.80813751,3.5695,0.191720402,16.65754414,7.8125,8,28,66,0.557419537,0.05095561,0.02068046,208088.8,no,viviparous,m_pelagic,carnivore,pelagic,marine,66,ecto,Isurus_oxyrinchus,"Uses mg Sepulveda et al. Aerobic metabolic rates of swimming juvenile mako sharks, Isurus oxyrinchus",decreasing,V,0.000519422
Isurus_oxyrinchus,Elasmobranchii,9.164098837,11.80813751,3.1555,0.164025722,17.43471304,7.8125,9,28,66,0.558557833,0.034802263,0.02068046,208088.8,no,viviparous,m_pelagic,carnivore,pelagic,marine,66,ecto,Isurus_oxyrinchus,"Uses mg Sepulveda et al. Aerobic metabolic rates of swimming juvenile mako sharks, Isurus oxyrinchus",decreasing,V,0.000519422
Jynx_torquilla,Aves,1.620745543,1,0.62302,0.62302,4.257356573,1.620745543,2,5,9,0.751768945,0.030315984,0.022040128,35.86666667,yes,oviparous,volant,insectivore,terrestrial,terrestrial,9,endo,Jynx_torquilla,from mcNAb its 1.29 kj/h for a 31.8g,decreasing,LC,0.011268344
Kinosternon_flavescens,Reptilia,1.948824796,12,2.557057065,0.521337901,29.00416483,19.16844013,73,4,73,0.517676182,0.013126042,0.07146944,331.15,no,oviparous,semiaquatic,omnivore,semiaquatic,freshwater,73,ecto,Kinosternon_flavescens,,stable,LC,
Kinosternon_integrum,Reptilia,2.228131191,6.123486683,1.35,0.299959023,11.62938829,4.545454545,5,7,23,0.507132723,0.008108839,0.033648291,474.4,no,oviparous,semiaquatic,omnivore,semiaquatic,freshwater,23,ecto,Kinosternon_integrum,,stable,LC,
Kinosternon_integrum,Reptilia,1.05018357,5.843564001,0.565,0.344878758,38.20240272,9.462915601,5,2,6,0.612227311,1.39E-05,0.019966018,474.4,no,oviparous,semiaquatic,omnivore,semiaquatic,freshwater,6,ecto,Kinosternon_integrum,,stable,LC,
Kinosternon_integrum,Reptilia,1.50495889,5.947714315,0.9575,0.335661754,15.79388064,6.153846154,5,4,19,0.39226288,0.001380792,0.036490899,474.4,no,oviparous,semiaquatic,omnivore,semiaquatic,freshwater,19,ecto,Kinosternon_integrum,,stable,LC,
Kinosternon_subrubrum,Reptilia,2.120891375,5,0.96,0.379557008,12.61749453,7.961714457,38,9,38,0.626579811,0.017640793,0.04999967,154.7,no,oviparous,semiaquatic,carnivore,benthic,freshwater,38,ecto,Kinosternon_subrubrum,Litzgus_et al 2003,NA,LC,0.000309444
Kinosternon_subrubrum,Reptilia,1.305011072,5,0.86,0.363373741,12.52707529,7.143794712,23,3,23,0.532832198,0.002720926,0.043410123,154.7,no,oviparous,semiaquatic,carnivore,benthic,freshwater,23,ecto,Kinosternon_subrubrum,Litzgus_et al 2003,NA,LC,0.000309444
Kinosternon_subrubrum,Reptilia,3.735672273,5,1.07,0.38153403,10.6248809,8.020393927,47,17,47,0.685806344,0.054034469,0.045609688,154.7,no,oviparous,semiaquatic,carnivore,benthic,freshwater,47,ecto,Kinosternon_subrubrum,Litzgus_et al 2003,NA,LC,0.000309444
Lagopus_leucura,Aves,1.441718062,1,0.6427835,0.634586666,4.637721325,1.441718062,2,5,9,0.705481872,0.02435438,0.023069418,351,yes,oviparous,volant,herbivore,terrestrial,terrestrial,9,endo,Lagopus_leucura,from mcNAb its 8.5 kj/h for a 326g,decreasing,LC,
Lagopus_leucura,Aves,1.49693282,1,0.62415,0.613755535,4.408947677,1.49693282,2,5,10,0.73345774,0.026081879,0.024445831,351,yes,oviparous,volant,herbivore,terrestrial,terrestrial,10,endo,Lagopus_leucura,from mcNAb its 8.5 kj/h for a 326g,decreasing,LC,
Lagopus_muta,Aves,1.898304999,1,0.504167,0.502142873,4.342605709,1.898304999,2,6,14,0.711036638,0.036656354,0.026578923,521,yes,oviparous,volant,herbivore,terrestrial,terrestrial,14,endo,Lagopus_muta,,decreasing,LC,
Lagopus_muta,Aves,1.68644126,1,0.36315,0.368731312,4.582239799,1.68644126,2,6,14,0.711036638,0.020009689,0.028358172,521,yes,oviparous,volant,herbivore,terrestrial,terrestrial,14,endo,Lagopus_muta,,decreasing,LC,
Lagopus_muta,Aves,2.760454706,1,0.4995,0.465524158,3.841516729,2.760454706,6,7,13,0.738284392,0.06713585,0.018069018,521,yes,oviparous,volant,herbivore,terrestrial,terrestrial,13,endo,Lagopus_muta,,decreasing,LC,
Lontra_canadensis,Mammalia,3.119719149,2,0.41,0.3387595,5.75615556,3.544680851,3,11,25,0.673491583,0.04712676,0.030257727,8087.42,yes,viviparous,semiaquatic,carnivore,semiaquatic,freshwater,25,endo,Lontra_canadensis,,stable,LC,
Lycalopex_culpaeus,Mammalia,3.916666667,2,0.97,0.553195622,4.116532601,4.166666667,3,12,26,0.719966117,0.134609719,0.023445443,13000,yes,viviparous,terrestrial,carnivore,terrestrial,terrestrial,26,endo,Lycalopex_culpaeus,Genoud et al Comparative analyses of basal rate of metabolism in mammals: data selection does matter,stable,LC,0.002097434
Macaca_mulatta,Mammalia,22.21068364,4,0.26325,0.19354832,14.60672395,23.6,5,69,159,0.708127254,0.063816659,0.020367601,6614,yes,viviparous,arboreal,herbivore,semiarboreal,terrestrial,159,endo,Macaca_mulatta,Genoud et al Comparative analyses of basal rate of metabolism in mammals: data selection does matter,NA,LC,0.001952024
Macaca_mulatta,Mammalia,18.44631321,4,0.283,0.191409361,13.38919568,18.94339623,5,56,128,0.710739865,0.061413548,0.019708807,6614,yes,viviparous,arboreal,herbivore,semiarboreal,terrestrial,128,endo,Macaca_mulatta,Genoud et al Comparative analyses of basal rate of metabolism in mammals: data selection does matter,NA,LC,0.001952024
Macaca_mulatta,Mammalia,28.44624829,4,0.2435,0.19586001,16.16726604,31.3125,5,91,211,0.70740049,0.066636476,0.021466419,6614,yes,viviparous,arboreal,herbivore,semiarboreal,terrestrial,211,endo,Macaca_mulatta,Genoud et al Comparative analyses of basal rate of metabolism in mammals: data selection does matter,NA,LC,0.001952024
Macaca_mulatta,Mammalia,6.98975666,3,0.2044185,0.175605361,9.884201037,7.540319694,6,22,49,0.679702547,0.033656058,0.023082517,6614,yes,viviparous,arboreal,herbivore,semiarboreal,terrestrial,49,endo,Macaca_mulatta,Genoud et al Comparative analyses of basal rate of metabolism in mammals: data selection does matter,NA,LC,0.001952024
Macaca_mulatta,Mammalia,17.58875295,4,0.267,0.188846507,13.41625736,18.07272727,5,54,123,0.709430712,0.059464067,0.02032413,6614,yes,viviparous,arboreal,herbivore,semiarboreal,terrestrial,123,endo,Macaca_mulatta,Genoud et al Comparative analyses of basal rate of metabolism in mammals: data selection does matter,NA,LC,0.001952024
Maccullochella_peelii,Actinopterygii,3.157446757,5,6.72,0.652861996,11.21750364,7.055040126,10,13,44,0.579116713,0.24421026,0.04396756,2594.72,yes,oviparous,fw_river,carnivore,river,freshwater,44,ecto,Maccullochella_peelii,16.1_O2_umol_min_kg converted to grams using 16g per ,NA,CE,6.47E-05
Macquaria_ambigua,Actinopterygii,2.768875,3,2.9675,0.710319889,6.01936257,4.25,4,10,28,0.657971165,0.179452279,0.035358116,3821.53,no,oviparous,fw_river,carnivore,river,freshwater,28,ecto,Macquaria_ambigua,,NA,NA,
Macropus_eugenii,Mammalia,2.87366548,1,0.237777778,0.273928482,4.674721271,2.87366548,2,9,20,0.731266341,0.03537288,0.025022002,5037.24,yes,viviparous,terrestrial,herbivore,terrestrial,terrestrial,20,endo,Macropus_eugenii,White&Seymour03PNAS,stable,LC,0.001617668
Macropus_eugenii,Mammalia,3.117647059,1,0.301666667,0.330929523,4.763616962,3.117647059,2,10,22,0.726348317,0.044299957,0.025230234,5037.24,yes,viviparous,terrestrial,herbivore,terrestrial,terrestrial,22,endo,Macropus_eugenii,White&Seymour03PNAS,stable,LC,0.001617668
Macropus_eugenii,Mammalia,2.822580645,1,0.156666667,0.214382756,4.924108598,2.822580645,2,9,20,0.729068516,0.028463843,0.025494156,5037.24,yes,viviparous,terrestrial,herbivore,terrestrial,terrestrial,20,endo,Macropus_eugenii,White&Seymour03PNAS,stable,LC,0.001617668
Macropus_eugenii,Mammalia,2.718446602,1,0.255,0.280249644,4.443525865,2.718446602,2,8,18,0.733414885,0.03411981,0.024283018,5037.24,yes,viviparous,terrestrial,herbivore,terrestrial,terrestrial,18,endo,Macropus_eugenii,White&Seymour03PNAS,stable,LC,0.001617668
Malaclemys_terrapin,Reptilia,1.998127978,3.748251748,3.45,0.626599897,9.864263642,8.849557522,3,7,39,0.548706989,0.042552215,0.050039169,803,no,oviparous,fw_benthic,carnivore,benthic,freshwater,39,ecto,Malaclemys_terrapin,,NA,LR,
Marmota_flaviventris,Mammalia,2.475104166,2,0.328963589,0.223688922,4.11503953,2.772752191,10,7,11,0.62961437,0.03095313,0.017847559,3709.73,yes,viviparous,semifossorial,herbivore,semifossorial,terrestrial,11,endo,Marmota_flaviventris,White et al06BiolLett,stable,LC,0.002
Marmota_flaviventris,Mammalia,2.214067517,2,0.7628104,0.376899737,4.418568607,2.594161361,10,8,11,0.490606231,0.038601043,0.021192479,3709.73,yes,viviparous,semifossorial,herbivore,semifossorial,terrestrial,11,endo,Marmota_flaviventris,White et al06BiolLett,stable,LC,0.002
Marmota_flaviventris,Mammalia,2.073153248,2,1.133883711,0.418227397,4.223891626,1.909525353,10,6,11,0.519194657,0.037646319,0.023452645,3709.73,yes,viviparous,semifossorial,herbivore,semifossorial,terrestrial,11,endo,Marmota_flaviventris,White et al06BiolLett,stable,LC,0.002
Marmota_flaviventris,Mammalia,2.031735635,2,0.5108772,0.283222215,4.154858583,2.218786313,10,6,11,0.59455933,0.023943382,0.022205484,3709.73,yes,viviparous,semifossorial,herbivore,semifossorial,terrestrial,11,endo,Marmota_flaviventris,White et al06BiolLett,stable,LC,0.002
Marmota_flaviventris,Mammalia,2.461396587,2,0.732335356,0.374283821,4.745685912,2.783612547,10,9,11,0.489082855,0.051395778,0.021802476,3709.73,yes,viviparous,semifossorial,herbivore,semifossorial,terrestrial,11,endo,Marmota_flaviventris,White et al06BiolLett,stable,LC,0.002
Marmota_flaviventris,Mammalia,2.65172546,2,0.708429278,0.368188052,4.444684871,2.721129258,10,9,11,0.488718515,0.05241186,0.0193571,3709.73,yes,viviparous,semifossorial,herbivore,semifossorial,terrestrial,11,endo,Marmota_flaviventris,White et al06BiolLett,stable,LC,0.002
Marmota_flaviventris,Mammalia,2.091482369,2,0.481506256,0.249997455,3.989954516,1.732511696,10,6,11,0.658709979,0.02223573,0.023609298,3709.73,yes,viviparous,semifossorial,herbivore,semifossorial,terrestrial,11,endo,Marmota_flaviventris,White et al06BiolLett,stable,LC,0.002
Marmota_flaviventris,Mammalia,2.092667532,2,0.483906622,0.275587853,3.586371671,1.910257923,10,6,11,0.666553208,0.027269683,0.021872562,3709.73,yes,viviparous,semifossorial,herbivore,semifossorial,terrestrial,11,endo,Marmota_flaviventris,White et al06BiolLett,stable,LC,0.002
Marmota_flaviventris,Mammalia,2.464925967,2,0.348628667,0.257129846,4.347568327,2.753620238,4,7,14,0.670742573,0.030813013,0.021240238,3709.73,yes,viviparous,semifossorial,herbivore,semifossorial,terrestrial,14,endo,Marmota_flaviventris,White et al06BiolLett,stable,LC,0.002
Marmota_flaviventris,Mammalia,2.370322318,2,0.6090875,0.4003036,6.333436031,2.928039141,4,8,24,0.595156072,0.029951527,0.032910227,3709.73,yes,viviparous,semifossorial,herbivore,semifossorial,terrestrial,24,endo,Marmota_flaviventris,White et al06BiolLett,stable,LC,0.002
Marmota_flaviventris,Mammalia,2.161802128,2,0.805327167,0.442679372,5.019185361,2.067263573,4,7,18,0.600368595,0.036023026,0.03076916,3709.73,yes,viviparous,semifossorial,herbivore,semifossorial,terrestrial,18,endo,Marmota_flaviventris,White et al06BiolLett,stable,LC,0.002
Marmota_flaviventris,Mammalia,2.052106795,2,0.465137833,0.315869524,4.904963765,2.262595259,4,6,15,0.619192362,0.021450854,0.026903241,3709.73,yes,viviparous,semifossorial,herbivore,semifossorial,terrestrial,15,endo,Marmota_flaviventris,White et al06BiolLett,stable,LC,0.002
Marmota_flaviventris,Mammalia,2.582966576,2,0.643151933,0.387891824,5.730368461,3.015174431,4,10,25,0.668422386,0.041586145,0.035227678,3709.73,yes,viviparous,semifossorial,herbivore,semifossorial,terrestrial,25,endo,Marmota_flaviventris,White et al06BiolLett,stable,LC,0.002
Marmota_flaviventris,Mammalia,2.755829162,2,0.5789387,0.380560008,5.340751388,2.892634534,4,9,23,0.649645181,0.042863645,0.030062304,3709.73,yes,viviparous,semifossorial,herbivore,semifossorial,terrestrial,23,endo,Marmota_flaviventris,White et al06BiolLett,stable,LC,0.002008617
Marmota_flaviventris,Mammalia,2.06811088,2,0.42625184,0.276577579,6.15262336,1.695414095,4,6,15,0.537843352,0.009363122,0.028244032,3709.73,yes,viviparous,semifossorial,herbivore,semifossorial,terrestrial,15,endo,Marmota_flaviventris,White et al06BiolLett,stable,LC,0.002008617
Marmota_flaviventris,Mammalia,2.166755887,2,0.3438402,0.248748051,3.873953688,2.03978302,4,6,13,0.712086361,0.024792052,0.022823393,3709.73,yes,viviparous,semifossorial,herbivore,semifossorial,terrestrial,13,endo,Marmota_flaviventris,White et al06BiolLett,stable,LC,0.002008617
Marmota_flaviventris,Mammalia,2.248320263,2,0.642839051,0.330472881,4.210145972,2.289970673,10,7,11,0.555569029,0.035040994,0.021278295,3709.73,yes,viviparous,semifossorial,herbivore,semifossorial,terrestrial,11,endo,Marmota_flaviventris,White et al06BiolLett,stable,LC,0.002008617
Marmota_flaviventris,Mammalia,2.292516506,2,0.52754548,0.347358257,5.017059841,2.371046101,4,7,17,0.61933907,0.029193016,0.027413462,3709.73,yes,viviparous,semifossorial,herbivore,semifossorial,terrestrial,17,endo,Marmota_flaviventris,White et al06BiolLett,stable,LC,0.002008617
Martes_pennanti,Mammalia,2.98943662,3,0.360666667,0.217291112,6.2064943,3.521126761,5,10,21,0.709291527,0.027298381,0.025887404,3175,yes,viviparous,terrestrial,carnivore,terrestrial,terrestrial,21,endo,Martes_pennanti,,NA,LC,0.002008617
Milvus_migrans,Aves,2.908416778,1,0.6605,0.410114084,6.671929916,2.908416778,12,12,25,0.602977239,0.041191336,0.031951765,828.5,yes,oviparous,volant,carnivore-scavanger,terrestrial,terrestrial,25,endo,Milvus_migrans,,NA,LC,
Mirounga_leonina,Mammalia,5.422480503,6,0.4,0.166409406,11.58585118,6.289308176,6,17,40,0.71462637,0.027526498,0.023613686,1400000,yes,viviparous,m_pelagic,carnivore,mesopelagic,marine,40,endo,Mirounga_leonina,,stable,LC,
Mustela_erminea,Mammalia,1.128,1,0.481066667,0.36431402,4.499553691,1.128,3,3,8,0.579142012,0.004582111,0.02373505,110.33,yes,viviparous,semifossorial,carnivore,semifossorial,terrestrial,8,endo,Mustela_erminea,White et al06BiolLett,stable,LC,0.00825381
Mustela_erminea,Mammalia,1.672,1,0.3275,0.320773461,3.853333733,1.672,3,5,11,0.721540689,0.017553311,0.024875938,110.33,yes,viviparous,semifossorial,carnivore,semifossorial,terrestrial,11,endo,Mustela_erminea,White et al06BiolLett,stable,LC,0.00825381
Mustela_erminea,Mammalia,1.5198,1,1.113683333,0.933032018,5.802769513,1.5198,3,5,10,0.689962905,0.045784269,0.024577079,110.33,yes,viviparous,semifossorial,carnivore,semifossorial,terrestrial,10,endo,Mustela_erminea,White et al06BiolLett,stable,LC,0.00825381
Mya_arenaria,Bivalvia,3.567621341,2,40.73957143,2.103822435,5.738786144,12.96778455,8,20,62,0.602699191,2.565634667,0.059052145,74,no,oviparous,sessile,filter-feeding,benthic,marine,62,ecto,Mya_arenaria,A further study of the respiratory processes in Mya arenaria and other marine mollusca,NA,NA,
Nuttallia_obscurata,Bivalvia,1.678321792,2.020408163,0.18525,0.191843033,10.32392025,2.804666547,5,6,18,0.50662692,0.002898103,0.034002627,9.542072,no,oviparous,sessile,filter-feeding,benthic,marine,18,ecto,Nuttallia_obscurata,,NA,NA,
Odocoileus_virginianus,Mammalia,1.342096774,2,0.512505,0.330861622,7.094736906,3.258064516,3,4,16,0.605598589,0.009807873,0.034339571,65320,yes,viviparous,terrestrial,herbivore,terrestrial,terrestrial,16,endo,Odocoileus_virginianus,Genoud et al Comparative analyses of basal rate of metabolism in mammals: data selection does matter,stable,LC,0.001394455
Odocoileus_virginianus,Mammalia,1.690120603,2,0.6296875,0.383469312,7.6676438,4.894472362,3,7,25,0.638185058,0.019018414,0.042007955,65320,yes,viviparous,terrestrial,herbivore,terrestrial,terrestrial,25,endo,Odocoileus_virginianus,Genoud et al Comparative analyses of basal rate of metabolism in mammals: data selection does matter,stable,LC,0.001394455
Odocoileus_virginianus,Mammalia,2.300068493,2,0.74458,0.440602244,7.943677392,7.02739726,3,11,36,0.648165241,0.032668495,0.047793317,65320,yes,viviparous,terrestrial,herbivore,terrestrial,terrestrial,36,endo,Odocoileus_virginianus,Genoud et al Comparative analyses of basal rate of metabolism in mammals: data selection does matter,stable,LC,0.001394455
Odocoileus_virginianus,Mammalia,1.513919598,2,0.512505,0.345035863,8.877104493,4.894472362,3,6,23,0.604652995,0.011913332,0.040955183,65320,yes,viviparous,terrestrial,herbivore,terrestrial,terrestrial,23,endo,Odocoileus_virginianus,Genoud et al Comparative analyses of basal rate of metabolism in mammals: data selection does matter,stable,LC,0.001394455
Odocoileus_virginianus,Mammalia,1.811792899,2,0.6296875,0.388499187,8.488854271,5.75739645,3,8,29,0.629126369,0.019651401,0.044496419,65320,yes,viviparous,terrestrial,herbivore,terrestrial,terrestrial,29,endo,Odocoileus_virginianus,Genoud et al Comparative analyses of basal rate of metabolism in mammals: data selection does matter,stable,LC,0.001394455
Odocoileus_virginianus,Mammalia,2.293669065,2,0.74458,0.440456781,8.250792044,6.992805755,3,11,37,0.640400263,0.031039068,0.048515467,65320,yes,viviparous,terrestrial,herbivore,terrestrial,terrestrial,37,endo,Odocoileus_virginianus,Genoud et al Comparative analyses of basal rate of metabolism in mammals: data selection does matter,stable,LC,0.001394455
Odocoileus_virginianus,Mammalia,1.690120603,2,0.512505,0.347072084,8.13691977,4.894472362,3,7,25,0.632053363,0.015716678,0.042007955,65320,yes,viviparous,terrestrial,herbivore,terrestrial,terrestrial,25,endo,Odocoileus_virginianus,Genoud et al Comparative analyses of basal rate of metabolism in mammals: data selection does matter,stable,LC,0.001394455
Odocoileus_virginianus,Mammalia,2.364502959,2,0.6296875,0.396228377,7.232394775,5.75739645,3,11,32,0.660210093,0.032251454,0.043113498,65320,yes,viviparous,terrestrial,herbivore,terrestrial,terrestrial,32,endo,Odocoileus_virginianus,Genoud et al Comparative analyses of basal rate of metabolism in mammals: data selection does matter,stable,LC,0.001394455
Odocoileus_virginianus,Mammalia,3.200885714,2,0.74458,0.452676506,6.94688983,6.942857143,3,15,40,0.667079433,0.052016487,0.04324862,65320,yes,viviparous,terrestrial,herbivore,terrestrial,terrestrial,40,endo,Odocoileus_virginianus,Genoud et al Comparative analyses of basal rate of metabolism in mammals: data selection does matter,stable,LC,0.001394455
Odocoileus_virginianus,Mammalia,1.690120603,2,0.512505,0.347072084,8.13691977,4.894472362,3,7,25,0.632053363,0.015716678,0.042007955,65320,yes,viviparous,terrestrial,herbivore,terrestrial,terrestrial,25,endo,Odocoileus_virginianus,Genoud et al Comparative analyses of basal rate of metabolism in mammals: data selection does matter,stable,LC,0.001394455
Odocoileus_virginianus,Mammalia,2.633787234,2,0.6296875,0.400374585,7.979947189,6.893617021,3,13,38,0.653645532,0.033212636,0.046332574,65320,yes,viviparous,terrestrial,herbivore,terrestrial,terrestrial,38,endo,Odocoileus_virginianus,Genoud et al Comparative analyses of basal rate of metabolism in mammals: data selection does matter,stable,LC,0.001394455
Odocoileus_virginianus,Mammalia,4.704698795,2,0.74458,0.461553571,8.812041872,11.68674699,3,23,69,0.667034773,0.054566805,0.053934066,65320,yes,viviparous,terrestrial,herbivore,terrestrial,terrestrial,69,endo,Odocoileus_virginianus,Genoud et al Comparative analyses of basal rate of metabolism in mammals: data selection does matter,stable,LC,0.001394455
Oncorhynchus_tshawytscha,Actinopterygii,1.039564672,4,14.18273739,0.630699626,4.78715566,1.6032,5,2,6,0.833333333,0.010241135,0.019819543,4600,no,oviparous,m_pelagic,omnivore,benthopelagic,marine-freshwater,6,ecto,Oncorhynchus_tshawytscha,,NA,NA,
Oncorhynchus_tshawytscha,Actinopterygii,1.302980224,4,9.14249675,0.733241553,4.820099644,1.6536,5,5,6,0.833333333,0.042052222,0.017984238,4600,no,oviparous,m_pelagic,omnivore,benthopelagic,marine-freshwater,6,ecto,Oncorhynchus_tshawytscha,,NA,NA,
Oncorhynchus_tshawytscha,Actinopterygii,1.03999344,3,13.45515314,0.699769718,4.840762444,2.32084288,5,2,6,0.803954615,0.010765639,0.019819575,4600,no,oviparous,m_pelagic,omnivore,benthopelagic,marine-freshwater,6,ecto,Oncorhynchus_tshawytscha,,NA,NA,
Oncorhynchus_tshawytscha,Actinopterygii,1.271946496,3,5.068165375,0.66421104,4.586565606,2.1493312,5,5,6,0.75245699,0.038836326,0.018099123,4600,no,oviparous,m_pelagic,omnivore,benthopelagic,marine-freshwater,6,ecto,Oncorhynchus_tshawytscha,,NA,NA,
Oncorhynchus_tshawytscha,Actinopterygii,1.164642926,3,8.518368651,0.755817828,4.771544284,2.26801124,5,3,6,0.805572931,0.032940552,0.018928399,4600,no,oviparous,m_pelagic,omnivore,benthopelagic,marine-freshwater,6,ecto,Oncorhynchus_tshawytscha,,NA,NA,
Oncorhynchus_tshawytscha,Actinopterygii,1.17053056,4,11.66261707,0.743672733,4.790259727,1.6284,5,3,6,0.833333333,0.0343048,0.018898748,4600,no,oviparous,m_pelagic,omnivore,benthopelagic,marine-freshwater,6,ecto,Oncorhynchus_tshawytscha,,NA,NA,
Oncorhynchus_tshawytscha,Actinopterygii,1.15885343,3,9.261659257,0.766073874,4.753948829,2.23362784,5,3,6,0.782876846,0.031812448,0.018958124,4600,no,oviparous,m_pelagic,omnivore,benthopelagic,marine-freshwater,6,ecto,Oncorhynchus_tshawytscha,,NA,NA,
Onychogalea_fraenata,Mammalia,4.48471,4,3.1,0.504212067,6.485520915,5,4,13,31,0.713178377,0.228037812,0.024087059,5226.025,yes,viviparous,terrestrial,herbivore,terrestrial,terrestrial,31,endo,Onychogalea_fraenata,,stable,V,
Ovis_canadensis,Mammalia,3.281773094,3,0.11875,0.147231086,10.14127652,4.959702418,5,12,30,0.65647923,0.010990134,0.032805841,69125,yes,viviparous,terrestrial,herbivore,terrestrial,terrestrial,30,endo,Ovis_canadensis,White&Seymour03PNAS,stable,LC,0.002007991
Ovis_canadensis,Mammalia,3.521978022,3,0.089333333,0.121409483,11.32364575,5.494505495,5,13,33,0.656337922,0.009018879,0.034609455,69125,yes,viviparous,terrestrial,herbivore,terrestrial,terrestrial,33,endo,Ovis_canadensis,White&Seymour03PNAS,stable,LC,0.002007991
Ovis_canadensis,Mammalia,3.114678899,3,0.064,0.093026272,11.00779495,4.587155963,5,11,27,0.64582817,0.005555959,0.031821649,69125,yes,viviparous,terrestrial,herbivore,terrestrial,terrestrial,27,endo,Ovis_canadensis,White&Seymour03PNAS,stable,LC,0.002007991
Ovis_canadensis,Mammalia,4.56640625,3,0.106666667,0.141833168,12.95668755,7.8125,5,19,47,0.662254779,0.01352752,0.039591413,69125,yes,viviparous,terrestrial,herbivore,terrestrial,terrestrial,47,endo,Ovis_canadensis,White&Seymour03PNAS,stable,LC,0.002007991
Ovis_canadensis,Mammalia,4.56640625,3,0.114666667,0.14954192,12.73078664,7.8125,5,19,47,0.662312674,0.014565974,0.039591413,69125,yes,viviparous,terrestrial,herbivore,terrestrial,terrestrial,47,endo,Ovis_canadensis,White&Seymour03PNAS,stable,LC,0.002007991
Ovis_canadensis,Mammalia,2.51465798,3,0.145333333,0.156969279,7.928422464,3.25732899,5,8,19,0.631788275,0.008286108,0.027649558,69125,yes,viviparous,terrestrial,herbivore,terrestrial,terrestrial,19,endo,Ovis_canadensis,White&Seymour03PNAS,stable,LC,0.002007991
Ovis_canadensis,Mammalia,2.989224138,3,0.177666667,0.188248838,8.8121813,4.310344828,5,11,26,0.652308424,0.01435052,0.031943888,69125,yes,viviparous,terrestrial,herbivore,terrestrial,terrestrial,26,endo,Ovis_canadensis,White&Seymour03PNAS,stable,LC,0.002007991
Ovis_canadensis,Mammalia,3.124423963,3,0.066333333,0.095387996,10.95754647,4.608294931,5,11,27,0.6444588,0.005772233,0.031793968,69125,yes,viviparous,terrestrial,herbivore,terrestrial,terrestrial,27,endo,Ovis_canadensis,White&Seymour03PNAS,stable,LC,0.002007991
Ovis_canadensis,Mammalia,3.288557214,3,0.186,0.19780952,9.339399387,4.975124378,5,12,30,0.655531739,0.01725793,0.032790538,69125,yes,viviparous,terrestrial,herbivore,terrestrial,terrestrial,30,endo,Ovis_canadensis,White&Seymour03PNAS,stable,LC,0.002007991
Ovis_canadensis,Mammalia,10.16747573,3,0.305752,0.207690931,10.46061307,12.13592233,3,34,80,0.711487176,0.046373325,0.027172709,69125,yes,viviparous,terrestrial,herbivore,terrestrial,terrestrial,80,endo,Ovis_canadensis,White&Seymour03PNAS,stable,LC,0.002007991
Ovis_canadensis,Mammalia,10.08774038,3,0.3225,0.215868089,10.2565176,12.01923077,3,34,79,0.710803753,0.048934362,0.026976583,69125,yes,viviparous,terrestrial,herbivore,terrestrial,terrestrial,79,endo,Ovis_canadensis,White&Seymour03PNAS,stable,LC,0.002007991
Ovis_canadensis,Mammalia,34.90943396,3,0.331866,0.222053905,14.35439016,37.73584906,3,110,256,0.711259791,0.065198153,0.020097102,69125,yes,viviparous,terrestrial,herbivore,terrestrial,terrestrial,256,endo,Ovis_canadensis,White&Seymour03PNAS,stable,LC,0.002007991
Ovis_canadensis,Mammalia,5.447272727,3,0.26289,0.184727908,9.252221911,7.272727273,3,19,46,0.708389696,0.029608131,0.030836884,69125,yes,viviparous,terrestrial,herbivore,terrestrial,terrestrial,46,endo,Ovis_canadensis,White&Seymour03PNAS,stable,LC,0.002007991
Ovis_canadensis,Mammalia,8.362895005,3,0.2642567,0.185927432,10.28301409,10.19367992,3,28,66,0.708872654,0.037488507,0.027467811,69125,yes,viviparous,terrestrial,herbivore,terrestrial,terrestrial,66,endo,Ovis_canadensis,White&Seymour03PNAS,stable,LC,0.002007991
Ovis_canadensis,Mammalia,4.611688312,3,0.2636136,0.185132872,8.970175655,6.493506494,3,17,40,0.703632808,0.026393821,0.031578711,69125,yes,viviparous,terrestrial,herbivore,terrestrial,terrestrial,40,endo,Ovis_canadensis,White&Seymour03PNAS,stable,LC,0.002007991
Ovis_canadensis,Mammalia,6.002956393,3,0.28664805,0.195713446,8.875151791,7.390983001,3,20,47,0.70953182,0.035823581,0.027909388,69125,yes,viviparous,terrestrial,herbivore,terrestrial,terrestrial,47,endo,Ovis_canadensis,White&Seymour03PNAS,stable,LC,0.002007991
Pan_troglodytes,Mammalia,20.61820267,16,0.036530949,0.03222376,37.65188378,18.5228518,17,58,128,0.718979523,0.005994056,0.015661501,44983.5,yes,viviparous,arboreal,omnivore,semiarboreal,terrestrial,128,endo,Pan_troglodytes,Genoud et al Comparative analyses of basal rate of metabolism in mammals: data selection does matter,decreasing,E,0.001494838
Panthera_pardus,Mammalia,3.05538996,4,0.758,0.340376348,9.571116423,6.711409396,4,13,38,0.679605764,0.035064285,0.045358223,53074.995,yes,viviparous,terrestrial,carnivore,terrestrial,terrestrial,38,endo,Panthera_pardus,,decreasing,V,
Papio_cynocephalus,Mammalia,17.93521619,7,0.146373014,0.117851128,21.85968833,21.51211661,8,61,146,0.70044799,0.03140172,0.023752203,17851.25,yes,viviparous,terrestrial,omnivore,terrestrial,terrestrial,146,endo,Papio_cynocephalus,Genoud et al Comparative analyses of basal rate of metabolism in mammals: data selection does matter,stable,LC,0.00307782
Paramuricea_clavata,Anthozoa,5.458843304,9.550002681,0.321,0.062913999,39.46916031,12.45267663,7,23,67,0.445116384,0.000862262,0.041736154,3255,no,oviparous,sessile,filter-feeding; autotrophic,benthic,marine,67,ecto,Paramuricea_clavata,in mg converted using Seasonality of in situ respiration rate in three temperate benthic suspension feeders,NA,NA,0.000150247
Paramuricea_clavata,Anthozoa,5.26010657,9.160334592,0.321,0.025908696,33.2459454,7.140933724,7,18,42,0.440167477,0.000169156,0.026723038,3255,no,oviparous,sessile,filter-feeding; autotrophic,benthic,marine,42,ecto,Paramuricea_clavata,in mg converted using Seasonality of in situ respiration rate in three temperate benthic suspension feeders,NA,NA,0.000150247
Paramuricea_clavata,Anthozoa,4.47907525,7.805638399,0.321,0.047154351,30.28518672,8.030432986,7,16,44,0.465528108,0.000463174,0.032224319,3255,no,oviparous,sessile,filter-feeding; autotrophic,benthic,marine,44,ecto,Paramuricea_clavata,in mg converted using Seasonality of in situ respiration rate in three temperate benthic suspension feeders,NA,NA,0.000150247
Paramuricea_clavata,Anthozoa,5.593259388,7.687186126,0.3205,0.090774311,40.8921666,13.87645033,7,23,76,0.441447826,0.001579029,0.042940898,3255,no,oviparous,sessile,filter-feeding; autotrophic,benthic,marine,76,ecto,Paramuricea_clavata,in mg converted using Seasonality of in situ respiration rate in three temperate benthic suspension feeders,NA,NA,0.000150247
Paramuricea_clavata,Anthozoa,5.512417538,9.573319423,0.32,0.062990485,39.62422228,12.64108956,7,24,67,0.441419685,0.000890121,0.041674427,3255,no,oviparous,sessile,filter-feeding; autotrophic,benthic,marine,67,ecto,Paramuricea_clavata,in mg converted using Seasonality of in situ respiration rate in three temperate benthic suspension feeders,NA,NA,0.000150247
Paramuricea_clavata,Anthozoa,6.085161717,6.580690627,0.321,0.116956531,45.94475828,17.29418356,7,26,103,0.454839058,0.00291679,0.050916553,3255,no,oviparous,sessile,filter-feeding; autotrophic,benthic,marine,103,ecto,Paramuricea_clavata,in mg converted using Seasonality of in situ respiration rate in three temperate benthic suspension feeders,NA,NA,0.000150247
Passer_domesticus,Aves,1.245283019,1,1.005,0.699072278,3.83706442,1.245283019,2,4,9,0.696067121,0.031992994,0.024478722,27.7,yes,oviparous,volant,omnivore,terrestrial,terrestrial,9,endo,Passer_domesticus,from mcNAb its 1.32kj/h for a 23g,decreasing,LC,0.015942029
Pernis_apivorus,Aves,5.575989583,4,0.152,0.104294602,9.451876685,5.208333333,4,16,34,0.725501005,0.01783023,0.018713527,762.5,yes,oviparous,volant,insectivore,terrestrial,terrestrial,34,endo,Pernis_apivorus,from mcNAb its 8.41kj/h for a 652g,decreasing,LC,0.003582993
Pernis_apivorus,Aves,5.575989583,4,0.252,0.149297339,8.601522769,5.208333333,4,16,34,0.725501005,0.029560645,0.018713527,762.5,yes,oviparous,volant,insectivore,terrestrial,terrestrial,34,endo,Pernis_apivorus,from mcNAb its 8.41kj/h for a 652g,decreasing,LC,0.003582993
Pernis_apivorus,Aves,5.575989583,4,0.152,0.104294602,9.451876685,5.208333333,4,16,34,0.725501005,0.01783023,0.018713527,762.5,yes,oviparous,volant,insectivore,terrestrial,terrestrial,34,endo,Pernis_apivorus,from mcNAb its 8.41kj/h for a 652g,decreasing,LC,0.003582993
Pernis_apivorus,Aves,5.575989583,4,0.252,0.149297339,8.601522769,5.208333333,4,16,34,0.725501005,0.029560645,0.018713527,762.5,yes,oviparous,volant,insectivore,terrestrial,terrestrial,34,endo,Pernis_apivorus,from mcNAb its 8.41kj/h for a 652g,decreasing,LC,0.003582993
Pernis_apivorus,Aves,5.575989583,4,0.202,0.128109043,8.95121472,5.208333333,4,16,34,0.725501005,0.023695438,0.018713527,762.5,yes,oviparous,volant,insectivore,terrestrial,terrestrial,34,endo,Pernis_apivorus,from mcNAb its 8.41kj/h for a 652g,decreasing,LC,0.003582993
Phacochoerus_aethiopicus,Mammalia,1.969517314,3,0.564545455,0.295658777,6.622947781,4.187943317,13,8,14,0.51749473,0.018904519,0.028492143,73303.76,yes,viviparous,terrestrial,omnivore,terrestrial,terrestrial,14,endo,Phacochoerus_aethiopicus,,decreasing,LC,
Phalacrocorax_auritus,Aves,3.324294813,4,0.668,0.311046183,9.342238706,6.451612903,4,14,37,0.684300899,0.035736958,0.041055008,1876.5,yes,oviparous,volant,carnivore,pelagic,marine,37,endo,Phalacrocorax_auritus,from mcNAb its 19.77kj/h for a 1330g,increasing,LC,0.004129323
Phalacrocorax_auritus,Aves,2.040100561,4,1.021,0.420859917,9.407399743,5.847953216,4,9,30,0.654924912,0.027380809,0.043587519,1876.5,yes,oviparous,volant,carnivore,pelagic,marine,30,endo,Phalacrocorax_auritus,from mcNAb its 19.77kj/h for a 1330g,increasing,LC,0.004129323
Phalacrocorax_auritus,Aves,2.714770221,4,0.8445,0.366200383,9.154275095,6.134969325,4,12,34,0.675895871,0.035162165,0.043607098,1876.5,yes,oviparous,volant,carnivore,pelagic,marine,34,endo,Phalacrocorax_auritus,from mcNAb its 19.77kj/h for a 1330g,increasing,LC,0.004129073
Phocarctos_hookeri,Mammalia,3.173087683,2,0.209082375,0.187097519,16.89353314,11.74641991,5,17,49,0.56103767,0.008041356,0.055155247,273499.99,yes,viviparous,m_pelagic,carnivore,pelagic,marine,49,endo,Phocarctos_hookeri,,decreasing,E,
Phoebastria_immutabilis,Aves,5.720611687,9,0.336,0.158722443,20.5053143,11.9047619,9,26,70,0.6818717,0.015913183,0.045897189,3050,yes,oviparous,volant,carnivore-scavanger,pelagic,marine,70,endo,Phoebastria_immutabilis,,stable,NT,
Phrynosoma_cornutum,Reptilia,1.485660377,3,6.62,0.681066422,3.880366871,1.886792453,3,4,9,0.699744833,0.085710374,0.023852958,27.335,no,oviparous,terrestrial,carnivore,terrestrial,terrestrial,9,ecto,Phrynosoma_cornutum,White_Seymour_2006,stable,LC,0.000922
Phrynosoma_cornutum,Reptilia,1.394936709,3,10.53,0.716783277,3.265839091,1.265822785,3,4,6,0.747323871,0.06550943,0.018248507,27.335,no,oviparous,terrestrial,carnivore,terrestrial,terrestrial,6,ecto,Phrynosoma_cornutum,White_Seymour_2006,stable,LC,0.000922
Physeter_macrocephalus,Mammalia,10.68172725,4.923107101,0.0621,0.048810604,31.94341682,19.8019802,2,43,118,0.635104416,0.004177703,0.034965814,10100000,yes,viviparous,m_pelagic,carnivore,pelagic,marine,118,endo,Physeter_macrocephalus,,NA,V,
Picoides_borealis,Aves,2.365521911,2,0.7666525,0.388337483,5.034009509,3.40529155,7,8,18,0.718689183,0.065907956,0.028004419,48,yes,oviparous,volant,insectivore,arboreal,terrestrial,18,endo,Picoides_borealis,,decreasing,NT,
Picoides_borealis,Aves,2.044332966,2,0.715613167,0.35345528,4.604424974,2.748244647,7,6,14,0.719201695,0.050637811,0.02544879,48,yes,oviparous,volant,insectivore,arboreal,terrestrial,14,endo,Picoides_borealis,,decreasing,NT,
Podocnemis_expansa,Reptilia,2.044931193,3.785076758,81.414,0.43291414,26.63427751,11.73334208,5,5,10,0.248047665,0.002306447,0.020525635,25800,no,oviparous,fw_benthic,herbivore,benthic,freshwater,10,ecto,Podocnemis_expansa,,NA,LR,
Podocnemis_lewyana,Reptilia,1.759704799,4,38.565,0.770857613,7.036317237,2.674033149,5,4,17,0.483279821,0.138297679,0.034008746,9599,no,oviparous,fw_benthic,herbivore,benthic,freshwater,17,ecto,Podocnemis_lewyana,,decreasing,CE,
Propithecus_edwardsi,Mammalia,9.585952258,3.545595054,0.25,0.161682877,17.0050599,18.51851852,3,41,112,0.671528289,0.021223129,0.047091419,6568.99,yes,viviparous,arboreal,herbivore,arboreal,terrestrial,112,endo,Propithecus_edwardsi,,decreasing,E,
Propithecus_edwardsi,Mammalia,9.585952258,3.545595054,0.086,0.07120047,25.06017499,18.51851852,3,41,112,0.671528289,0.007300756,0.047091419,6568.99,yes,viviparous,arboreal,herbivore,arboreal,terrestrial,112,endo,Propithecus_edwardsi,,decreasing,E,
Propithecus_verreauxi,Mammalia,13.90969267,7,0.050577424,0.057667075,21.96254613,13.72248592,8,41,93,0.712768499,0.011423164,0.017983424,3588.26,yes,viviparous,arboreal,herbivore,semiarboreal,terrestrial,93,endo,Propithecus_verreauxi,Genoud et al Comparative analyses of basal rate of metabolism in mammals: data selection does matter,decreasing,E,0.001238276
Rangifer_tarandus,Mammalia,4.836370926,3,0.733571429,0.375912082,6.940075305,7.414157614,16,17,17,0.423641571,0.095280741,0.020150404,101250,yes,viviparous,terrestrial,herbivore,terrestrial,terrestrial,17,endo,Rangifer_tarandus,,,,0.0014
Rangifer_tarandus,Mammalia,6.734162816,3,0.825714286,0.378998827,6.921830966,7.73790558,16,17,17,0.401107704,0.151098296,0.012824152,101250,yes,viviparous,terrestrial,herbivore,terrestrial,terrestrial,17,endo,Rangifer_tarandus,,,,0.0014
Salvelinus_confluentus,Actinopterygii,1.312159749,5.061965699,78.09981067,0.66244343,6.370882936,1.693050371,7,4,8,0.639269649,0.028487846,0.022798035,3102.73,no,oviparous,fw_river,carnivore,river,freshwater,8,ecto,Salvelinus_confluentus,,NA,V,
Salvelinus_confluentus,Actinopterygii,1.309649179,2,38.09711492,0.686489642,4.844760327,1.420409079,7,4,8,0.342343435,0.020111411,0.022800267,3102.73,no,oviparous,fw_river,carnivore,river,freshwater,8,ecto,Salvelinus_confluentus,,NA,V,
Sceloporus_arenicolus,Reptilia,1.76119403,2,2.411666667,0.794252763,3.591494351,2.985074627,2,6,16,0.693498832,0.117505122,0.030372289,6.58,no,oviparous,terrestrial,insectivore,terrestrial,terrestrial,16,ecto,Sceloporus_arenicolus,,decreasing,V,
Sceloporus_arenicolus,Reptilia,1.542857143,2,2.46,0.751466097,3.67087573,2.857142857,2,6,15,0.690211035,0.088574576,0.031196555,6.58,no,oviparous,terrestrial,insectivore,terrestrial,terrestrial,15,ecto,Sceloporus_arenicolus,,decreasing,V,
Sceloporus_arenicolus,Reptilia,1.769230769,2,2.32,0.766717331,4.272682258,3.846153846,2,7,20,0.671630322,0.095688055,0.035379968,6.58,no,oviparous,terrestrial,insectivore,terrestrial,terrestrial,20,ecto,Sceloporus_arenicolus,,decreasing,V,
Sceloporus_arenicolus,Reptilia,1.674418605,2,3,0.887476503,3.04599168,2.325581395,2,6,13,0.721315413,0.147817357,0.027088026,6.58,no,oviparous,terrestrial,insectivore,terrestrial,terrestrial,13,ecto,Sceloporus_arenicolus,,decreasing,V,
Sceloporus_arenicolus,Reptilia,1.741935484,2,2.36,0.777064542,3.806818953,3.225806452,2,7,17,0.684299241,0.106752623,0.031937931,6.58,no,oviparous,terrestrial,insectivore,terrestrial,terrestrial,17,ecto,Sceloporus_arenicolus,,decreasing,V,
Sceloporus_arenicolus,Reptilia,2,2,2,0.758753177,3.449316222,2.857142857,2,7,16,0.708290605,0.129920156,0.028206637,6.58,no,oviparous,terrestrial,insectivore,terrestrial,terrestrial,16,ecto,Sceloporus_arenicolus,,decreasing,V,
Sceloporus_arenicolus,Reptilia,1.870967742,2,2.33,0.796387387,3.713639753,3.225806452,2,7,18,0.700579549,0.121540182,0.032087709,6.58,no,oviparous,terrestrial,insectivore,terrestrial,terrestrial,18,ecto,Sceloporus_arenicolus,,decreasing,V,
Sceloporus_grammicus,Reptilia,1.425913545,2.227818553,3.938475472,0.597609801,2.76726636,1.475479735,3,4,7,0.654061544,0.046387888,0.019942905,5.64,no,oviparous,terrestrial,carnivore,terrestrial,terrestrial,7,ecto,Sceloporus_grammicus,,stable,LC,
Sceloporus_grammicus,Reptilia,2.519836956,2.138874625,3.333333333,1.064363989,2.924157495,2.299393825,3,7,14,0.722081498,0.308657392,0.021322715,5.64,no,oviparous,terrestrial,carnivore,terrestrial,terrestrial,14,ecto,Sceloporus_grammicus,,stable,LC,
Sceloporus_grammicus,Reptilia,1.319807929,2.286288992,3.357142857,0.250113071,3.116920827,1.351238611,3,4,6,0.627279836,0.006067959,0.018640818,5.64,no,oviparous,terrestrial,carnivore,terrestrial,terrestrial,6,ecto,Sceloporus_grammicus,,stable,LC,
Sceloporus_grammicus,Reptilia,1.242929907,2.152200631,3.5,0.43962834,2.524880557,1.23740827,3,3,6,0.705020354,0.017033188,0.01915278,5.64,no,oviparous,terrestrial,carnivore,terrestrial,terrestrial,6,ecto,Sceloporus_grammicus,,stable,LC,
Sceloporus_grammicus,Reptilia,1.201353495,2.097562074,5.335,0.5938098,3.287848957,1.905832182,3,3,8,0.570077105,0.021622397,0.023384145,5.64,no,oviparous,terrestrial,carnivore,terrestrial,terrestrial,8,ecto,Sceloporus_grammicus,,stable,LC,
Sceloporus_grammicus,Reptilia,1.285081999,2.14021879,4.344827586,0.607879027,2.480503905,1.285912345,3,3,6,0.692787002,0.037412186,0.01887688,5.64,no,oviparous,terrestrial,carnivore,terrestrial,terrestrial,6,ecto,Sceloporus_grammicus,,stable,LC,
Sceloporus_grammicus,Reptilia,2.01548799,2.789773912,3.9375,0.464993573,3.688390863,1.386248994,3,6,11,0.617605869,0.049980535,0.021960028,5.64,no,oviparous,terrestrial,carnivore,terrestrial,terrestrial,11,ecto,Sceloporus_grammicus,,stable,LC,
Sceloporus_grammicus,Reptilia,1.188432472,2.159889338,3.5,0.265343729,2.691840421,1.223047793,3,3,5,0.650940527,0.004784685,0.016821842,5.64,no,oviparous,terrestrial,carnivore,terrestrial,terrestrial,5,ecto,Sceloporus_grammicus,,stable,LC,
Sceloporus_grammicus,Reptilia,1.32674787,2.276796115,4.2,0.373623979,3.344105239,1.66519846,3,4,7,0.589810589,0.009843435,0.020681706,5.64,no,oviparous,terrestrial,carnivore,terrestrial,terrestrial,7,ecto,Sceloporus_grammicus,,stable,LC,
Setophaga_cerulea,Aves,1.652173913,1,0.845,0.810233463,5.249942082,1.652173913,2,5,12,0.723104114,0.046341489,0.026117398,9.05,yes,oviparous,volant,insectivore,arboreal,terrestrial,12,endo,Setophaga_cerulea,,decreasing,V,
Stellifer_illecebrosus,Actinopterygii,2.380952381,3,3.678333333,0.689307383,4.210883926,2.380952381,8,7,14,0.708931188,0.180171196,0.022511115,20.83045,no,oviparous,m_benthic,insectivore,benthic,marine,14,ecto,Stellifer_illecebrosus,,NA,LC,
Sterna_hirundo,Aves,5.397451429,1,0.658,0.51720909,9.815587185,5.397451429,5,27,81,0.645098115,0.074429883,0.057456144,124,yes,oviparous,volant,carnivore,pelagic,marine,81,endo,Sterna_hirundo,,NA,LC,
Sterna_hirundo,Aves,3.4245536,2,0.2125,0.268999528,13.4110103,8.65912,5,17,54,0.617612431,0.018054245,0.053869671,124,yes,oviparous,volant,carnivore,pelagic,marine,54,endo,Sterna_hirundo,,NA,LC,
Sternula_antillarum,Aves,4.113014223,3,0.562,0.305804152,6.679710457,5.983367198,14,15,15,0.435962221,0.062375159,0.019952174,46.85,yes,oviparous,volant,carnivore,pelagic,marine,15,endo,Sternula_antillarum,,decreasing,LC,
Strix_occidentalis,Aves,4.713709105,2,0.258116229,0.245252368,6.265530366,5.376978666,3,15,32,0.699456958,0.046299384,0.022282155,609.5,yes,oviparous,volant,carnivore,terrestrial,terrestrial,32,endo,Strix_occidentalis,from mcNAb its 9.63kj/h for a 571g,decreasing,NT,0.004684764
Tamiasciurus_hudsonicus,Mammalia,1.824933976,1,0.69375,0.555486802,3.674763086,1.824933976,8,7,10,0.650740935,0.07634898,0.022140121,210.8,yes,viviparous,arboreal,herbivore,semiarboreal,terrestrial,10,endo,Tamiasciurus_hudsonicus,White et al06BiolLett,stable,LC,0.006076389
Thalassarche_melanophris,Aves,14.20271374,10.31163097,0.091325,0.045673023,23.35509528,9.574712644,17,36,79,0.672858932,0.007575504,0.017676175,3440,yes,oviparous,volant,carnivore-scavanger,pelagic,marine,79,endo,Thalassarche_melanophris,,increasing,LC,
Thalassarche_melanophris,Aves,3.010879873,9.8189567,0.067592,0.04630796,53.21013793,14.92519305,10,10,63,0.527152178,0.000428671,0.055189872,3440,yes,oviparous,volant,carnivore-scavanger,pelagic,marine,63,endo,Thalassarche_melanophris,,increasing,LC,
Turdus_torquatus,Aves,1.074224732,2,2.284688875,0.465754908,3.309780812,1.711213841,2,2,7,0.662820744,0.014990246,0.021815043,109,yes,oviparous,volant,omnivore,terrestrial,terrestrial,7,endo,Turdus_torquatus,,stable,LC,
Turdus_torquatus,Aves,1.105951144,2,2.400983333,0.518099156,3.302410858,1.812199583,2,3,8,0.67833003,0.02184335,0.023673226,109,yes,oviparous,volant,omnivore,terrestrial,terrestrial,8,endo,Turdus_torquatus,,stable,LC,
Turdus_torquatus,Aves,1.045847619,2,2.168394417,0.409345479,3.375008034,1.62088898,2,2,6,0.640229876,0.009045738,0.019830001,109,yes,oviparous,volant,omnivore,terrestrial,terrestrial,6,endo,Turdus_torquatus,,stable,LC,
Tympanuchus_cupido,Aves,1.658019235,2,3.164,0.926324356,2.71730784,1.933644535,7,5,8,0.671139724,0.18504234,0.019773893,885.5,yes,oviparous,volant,herbivore,terrestrial,terrestrial,8,endo,Tympanuchus_cupido,,decreasing,V,
Umbonium_costatum,Gastropoda,3.655286027,2.064028087,0.84818356,0.454108481,5.29925782,4.310315953,6,12,28,0.662165168,0.082020908,0.026757531,2.3,no,oviparous,sessile,herbivore,benthic,marine,28,ecto,Umbonium_costatum,,NA,NA,
Urocitellus_armatus,Mammalia,1.480082353,1,0.879666667,0.726695738,3.717105215,1.480082353,3,4,8,0.781786673,0.052882532,0.020892052,310.4,yes,viviparous,semifossorial,herbivore,semifossorial,terrestrial,8,endo,Urocitellus_armatus,Genoud et al Comparative analyses of basal rate of metabolism in mammals: data selection does matter,NA,LC,0.002544233
Urocitellus_armatus,Mammalia,1.68925,1,0.659666667,0.548475603,3.608146597,1.68925,3,5,11,0.713088484,0.03752339,0.024999576,310.4,yes,viviparous,semifossorial,herbivore,semifossorial,terrestrial,11,endo,Urocitellus_armatus,Genoud et al Comparative analyses of basal rate of metabolism in mammals: data selection does matter,NA,LC,0.002544233
Urocitellus_armatus,Mammalia,1.619702277,1,0.704333333,0.597498315,3.579919054,1.619702277,3,5,9,0.72645443,0.043195822,0.021812654,310.4,yes,viviparous,semifossorial,herbivore,semifossorial,terrestrial,9,endo,Urocitellus_armatus,Genoud et al Comparative analyses of basal rate of metabolism in mammals: data selection does matter,NA,LC,0.002544233
Urocitellus_armatus,Mammalia,1.590103941,1,0.747888889,0.621824193,3.54720147,1.590103941,3,5,9,0.738947928,0.044938585,0.022028213,310.4,yes,viviparous,semifossorial,herbivore,semifossorial,terrestrial,9,endo,Urocitellus_armatus,Genoud et al Comparative analyses of basal rate of metabolism in mammals: data selection does matter,NA,LC,0.002544233
Urocitellus_columbianus,Mammalia,2.413654528,3,0.6005,0.268923405,4.290074398,2.028,4,7,12,0.741862507,0.034880073,0.019130124,468.635,yes,viviparous,semifossorial,herbivore,semifossorial,terrestrial,12,endo,Urocitellus_columbianus,,stable,LC,
Urocitellus_columbianus,Mammalia,3.179282904,3,0.231,0.171080259,5.830962811,2.904494382,4,9,18,0.708705988,0.02084849,0.020111966,468.635,yes,viviparous,semifossorial,herbivore,semifossorial,terrestrial,18,endo,Urocitellus_columbianus,,stable,LC,
Urocyon_littoralis,Mammalia,1.416842105,2,0.47,0.295721388,3.723854928,1.894736842,3,4,9,0.643398179,0.013169192,0.023001158,1906.835,yes,viviparous,terrestrial,carnivore,semiarboreal,terrestrial,9,endo,Urocyon_littoralis,,increasing,NT,
Urocyon_littoralis,Mammalia,1.645718431,2,0.47,0.313533822,3.880753309,2.111571062,3,5,11,0.670658515,0.020484268,0.024515905,1906.835,yes,viviparous,terrestrial,carnivore,semiarboreal,terrestrial,11,endo,Urocyon_littoralis,,increasing,NT,
Ursus_americanus,Mammalia,3.917707636,5,0.39,0.191986684,10.95372578,6.060606061,5,14,36,0.69663906,0.020897709,0.033097723,132405,yes,viviparous,terrestrial,omnivore,terrestrial,terrestrial,36,endo,Ursus_americanus,Genoud et al Comparative analyses of basal rate of metabolism in mammals: data selection does matter,increasing,LC,0.000658172
Ursus_americanus,Mammalia,2.450980392,4,0.425,0.186724807,6.125305426,2.450980392,4,7,15,0.742839483,0.014899411,0.023103249,132405,yes,viviparous,terrestrial,omnivore,terrestrial,terrestrial,15,endo,Ursus_americanus,Genoud et al Comparative analyses of basal rate of metabolism in mammals: data selection does matter,increasing,LC,0.000658172
Ursus_americanus,Mammalia,5.190954774,4.010050251,0.891,0.246504622,11.26410841,10,4,22,59,0.663192355,0.030233254,0.04034233,132405,yes,viviparous,terrestrial,omnivore,terrestrial,terrestrial,59,endo,Ursus_americanus,Genoud et al Comparative analyses of basal rate of metabolism in mammals: data selection does matter,increasing,LC,0.000658172
Ursus_americanus,Mammalia,2.00320019,3.818181818,0.306,0.125782152,7.516187355,2.529335072,4,7,15,0.630522361,0.003563271,0.026941865,132405,yes,viviparous,terrestrial,omnivore,terrestrial,terrestrial,15,endo,Ursus_americanus,Genoud et al Comparative analyses of basal rate of metabolism in mammals: data selection does matter,increasing,LC,0.000658172
Ursus_maritimus,Mammalia,8.635214419,8.569836512,0.45856,0.050037233,18.49067053,9.730409234,6,28,64,0.730399865,0.007912104,0.023265214,371703.81,yes,viviparous,terrestrial,carnivore-scavanger,semiaquatic,terrestrial,64,endo,Ursus_maritimus,Genoud et al Comparative analyses of basal rate of metabolism in mammals: data selection does matter,NA,V,0.000686061
Vermivora_chrysoptera,Aves,1.373472949,1,0.48,0.448136966,3.591455998,1.373472949,2,4,9,0.725255627,0.019454777,0.023601725,8.9,yes,oviparous,volant,insectivore,semiarboreal,terrestrial,9,endo,Vermivora_chrysoptera,Authors,decreasing,NT,
Vermivora_chrysoptera,Aves,1.456978967,1,0.475,0.45281054,3.726520787,1.456978967,2,5,10,0.719894881,0.023196039,0.024725003,8.9,yes,oviparous,volant,insectivore,semiarboreal,terrestrial,10,endo,Vermivora_chrysoptera,,decreasing,NT,
Vermivora_chrysoptera,Aves,1.413321168,1,0.4775,0.45059509,3.655728038,1.413321168,2,4,9,0.708698825,0.02171095,0.02327894,8.9,yes,oviparous,volant,insectivore,semiarboreal,terrestrial,9,endo,Vermivora_chrysoptera,,decreasing,NT,
Vipera_aspis,Reptilia,2.087326913,5,0.932,0.304200738,8.9911587,3.90625,5,7,20,0.673602603,0.016365502,0.032774048,161,no,viviparous,terrestrial,carnivore,terrestrial,terrestrial,20,ecto,Vipera_aspis,,decreasing,LC,0.0001
Vipera_aspis,Reptilia,3.584793967,5,1.323,0.366671521,9.450217943,6.289308176,5,14,37,0.692967043,0.06159388,0.036298906,161,no,viviparous,terrestrial,carnivore,terrestrial,terrestrial,37,ecto,Vipera_aspis,,decreasing,LC,0.0001
Xenosaurus_grandis,Reptilia,3.406112202,3.546887299,1.62335,0.464776383,5.140938506,3.055143053,4,10,19,0.691579133,0.121035955,0.019655577,23.59,no,viviparous,terrestrial,carnivore,terrestrial,terrestrial,19,ecto,Xenosaurus_grandis,,decreasing,V,
Xenosaurus_platyceps,Reptilia,2.513933235,4.065758847,2.3625,0.449820736,6.299080734,3.423104492,4,9,19,0.603414843,0.056221485,0.0276042,19.6,no,viviparous,terrestrial,carnivore,terrestrial,terrestrial,19,ecto,Xenosaurus_platyceps,,decreasing,E,
Xenosaurus_platyceps,Reptilia,3.433423379,4.986876531,2.53,0.405173666,10.74640573,7.768542199,4,12,44,0.552205269,0.04685074,0.038761099,19.6,no,viviparous,terrestrial,carnivore,terrestrial,terrestrial,44,ecto,Xenosaurus_platyceps,,decreasing,E,
Xenosaurus_platyceps,Reptilia,2.027141449,3.492537313,2.195,0.475995471,4.667259998,2.23024179,4,7,12,0.668495248,0.060723393,0.022814362,19.6,no,viviparous,terrestrial,carnivore,terrestrial,terrestrial,12,ecto,Xenosaurus_platyceps,,decreasing,E,
Zalophus_californianus,Mammalia,3.855178452,3.548330015,0.378571429,0.203875621,7.636817543,4.581151832,3,13,28,0.672500374,0.026116882,0.025674979,158597.43,yes,viviparous,m_pelagic,carnivore,pelagic,marine,28,endo,Zalophus_californianus,McNab2005ZoolSinica,increasing,LC,0.002437481
Zalophus_californianus,Mammalia,6.740591808,5.115264798,0.149,0.075852905,7.999169798,2.96735905,3,15,26,0.667838151,0.015897443,0.012185404,158597.43,yes,viviparous,m_pelagic,carnivore,pelagic,marine,26,endo,Zalophus_californianus,McNab2005ZoolSinica,increasing,LC,0.002437481
Zalophus_californianus,Mammalia,3.242478873,3.25,0.53,0.233167877,5.346179646,2.816901408,3,9,18,0.714427298,0.034552308,0.020405034,158597.43,yes,viviparous,m_pelagic,carnivore,pelagic,marine,18,endo,Zalophus_californianus,McNab2005ZoolSinica,increasing,LC,0.002437481
Zalophus_californianus,Mammalia,2.930580595,3.104972376,0.528,0.277556214,12.16781126,8.771929825,3,13,45,0.631932694,0.016868048,0.051189353,158597.43,yes,viviparous,m_pelagic,carnivore,pelagic,marine,45,endo,Zalophus_californianus,McNab2005ZoolSinica,increasing,LC,0.002437481
Zalophus_californianus,Mammalia,6.409988277,3.172332943,0.456,0.277350021,16.34661523,20,3,35,111,0.651890125,0.025622131,0.072903056,158597.43,yes,viviparous,m_pelagic,carnivore,pelagic,marine,111,endo,Zalophus_californianus,McNab2005ZoolSinica,increasing,LC,0.002437481
Zalophus_californianus,Mammalia,3.901900767,3.85528757,0.307,0.182594397,7.270928519,3.891050584,3,12,26,0.686614696,0.025999038,0.02427732,158597.43,yes,viviparous,m_pelagic,carnivore,pelagic,marine,26,endo,Zalophus_californianus,McNab2005ZoolSinica,increasing,LC,0.002437481
Zalophus_californianus,Mammalia,5.376405466,4.127659574,0.207,0.113322101,8.086412586,4.06504065,3,14,27,0.661969851,0.017641314,0.015063407,158597.43,yes,viviparous,m_pelagic,carnivore,pelagic,marine,27,endo,Zalophus_californianus,McNab2005ZoolSinica,increasing,LC,0.002437481
Zalophus_californianus,Mammalia,3.280004113,3.579778831,0.473,0.257103817,9.025306345,5.917159763,3,13,34,0.653099108,0.024294975,0.037704854,158597.43,yes,viviparous,m_pelagic,carnivore,pelagic,marine,34,endo,Zalophus_californianus,McNab2005ZoolSinica,increasing,LC,0.002437481
Zingel_asper,Actinopterygii,2,2,1.5,0.651387819,2.876291559,2,2,6,11,0.729050031,0.116817501,0.022097829,3.147875,no,oviparous,fw_benthic,insectivore,benthic,freshwater,11,ecto,Zingel_asper,,decreasing,CE,
Zingel_asper,Actinopterygii,2.272727273,2,3.3264,1.113263794,2.803262878,2.272727273,2,7,13,0.729030398,0.310080478,0.022224937,3.147875,no,oviparous,fw_benthic,insectivore,benthic,freshwater,13,ecto,Zingel_asper,,decreasing,CE,
Zingel_asper,Actinopterygii,1.666666667,2,0.432,0.261302504,3.010066898,1.666666667,2,5,9,0.741906589,0.022953644,0.021659538,3.147875,no,oviparous,fw_benthic,insectivore,benthic,freshwater,9,ecto,Zingel_asper,,decreasing,CE,